"words","topics","probability","frequency","saliency","lift","phi","relevance"
"....",1,9.23336604022476e-16,7,0.00124400046888086,6.73385378959044e-13,9.23336604022476e-16,-31.3224982109051
"....",2,0.0042352751418777,7,0.00124400046888086,3.08876778412622,0.0042352751418777,-2.1682673742042
"....",3,0.000499355908897421,7,0.00124400046888086,0.36417809765521,0.000499355908897421,-4.30615186194904
"access",1,6.39706716754052e-10,7,0.00131359995221842,4.70409868586212e-07,6.39706716754052e-10,-17.8698363805611
"access",2,3.988050624744e-10,7,0.00131359995221842,2.93262259277208e-07,3.988050624744e-10,-18.3423734645362
"access",3,0.00357286887290444,7,0.00131359995221842,2.62731769568855,0.00357286887290444,-2.33421148093687
"accounts",1,1.53668906043264e-08,70,0.0131359554061066,1.13000799117534e-06,1.53668906043264e-08,-15.8421682280984
"accounts",2,2.84716125809883e-09,70,0.0131359554061066,2.0936668690221e-07,2.84716125809883e-09,-17.528061014173
"accounts",3,0.0357286813938762,70,0.0131359554061066,2.62731716707029,0.0357286813938762,-1.1829191376912
"acct",1,3.95073771577941e-14,6,0.00112594816567491,3.38938185794989e-11,3.95073771577941e-14,-27.4850387189548
"acct",2,3.49718154946048e-11,6,0.00112594816567491,3.00027097479945e-08,3.49718154946048e-11,-20.6992283924287
"acct",3,0.0030624597555752,6,0.00112594816567491,2.62731830938579,0.0030624597555752,-2.41128658623579
"address",1,4.95124885697553e-15,7,0.00131360648828346,3.64091271598089e-12,4.95124885697553e-15,-29.6389616376877
"address",2,3.83658244651015e-20,7,0.00131360648828346,2.82124009899608e-17,3.83658244651015e-20,-41.4069449593188
"address",3,0.00357286974448382,7,0.00131360648828346,2.62731833139584,0.00357286974448382,-2.33421123798469
"amount",1,0.00416560105588207,10,0.000958957725028846,2.1716020931314,0.00416560105588207,-2.35271475786217
"amount",2,3.95180954378458e-19,10,0.000958957725028846,2.06014876648384e-16,3.95180954378458e-19,-39.2467632357479
"amount",3,0.0013131401022304,10,0.000958957725028846,0.68456334543887,0.0013131401022304,-3.50715404066969
"answer",1,4.03106806757257e-20,6,0.00112594627781272,3.45829815843977e-17,4.03106806757257e-20,-41.2804202322087
"answer",2,3.36682075032749e-10,6,0.00112594627781272,2.88843299231755e-07,3.36682075032749e-10,-18.4346317707313
"answer",3,0.00306245953666182,6,0.00112594627781272,2.62731811976361,0.00306245953666182,-2.41128665806386
"anyone",1,3.39311460555437e-07,15,0.00185333839367436,0.000116338339662019,3.39311460555437e-07,-11.9776776398408
"anyone",2,0.000952209215953296,15,0.00185333839367436,0.326480098884782,0.000952209215953296,-4.03805603383192
"anyone",3,0.00696482812563354,15,0.00185333839367436,2.38800227626014,0.00696482812563354,-2.04821260009122
"anything",1,1.22946988544561e-08,32,0.00364574682475843,1.97549592469037e-06,1.22946988544561e-08,-15.6743943724676
"anything",2,0.00260675444409874,32,0.00364574682475843,0.41884985081348,0.00260675444409874,-3.40994605700848
"anything",3,0.0144414015361827,32,0.00364574682475843,2.32042526777354,0.0144414015361827,-1.69795280849014
"application",1,3.07391856849771e-36,7,0.00131360648833662,2.26041338806173e-33,3.07391856849771e-36,-78.4699352752995
"application",2,1.25127774662704e-45,7,0.00131360648833662,9.20130090512377e-43,1.25127774662704e-45,-100.091989040079
"application",3,0.00357286974448832,7,0.00131360648833662,2.6273183313991,0.00357286974448832,-2.33421123798344
"area",1,0.00177133046116136,30,0.00441237796998384,0.302053861260191,0.00177133046116136,-3.76658713537716
"area",2,0.0174717107172876,30,0.00441237796998384,2.97934112278388,0.0174717107172876,-1.47773503007715
"area",3,0.00102116057834136,30,0.00441237796998384,0.174132101500963,0.00102116057834136,-4.31737827020004
"arizona",1,4.78312637430971e-15,12,0.00146035842614836,2.04986880302764e-12,4.78312637430971e-15,-29.9434636661767
"arizona",2,0.000801737780231884,12,0.00146035842614836,0.343594782009738,0.000801737780231884,-4.09851061804946
"arizona",3,0.00554310325075352,12,0.00146035842614836,2.37556642590707,0.00554310325075352,-2.16498243865742
"assistance",1,5.74362212394856e-05,6,0.00101964765027127,0.0492894508870766,5.74362212394856e-05,-6.38744031019439
"assistance",2,3.49315929365838e-13,6,0.00101964765027127,2.99768856185031e-10,3.49315929365838e-13,-25.3054045290419
"assistance",3,0.0030101891990096,6,0.00101964765027127,2.58322308612099,0.0030101891990096,-2.42835723396836
"associates",1,1.54701244443285e-25,6,0.00143313470330758,1.31468109451224e-22,1.54701244443285e-25,-53.755789816193
"associates",2,0.00416215076312333,6,0.00143313470330758,3.53707621453168,0.00416215076312333,-2.10921143508292
"associates",3,4.20118696413546e-05,6,0.00143313470330758,0.0357024993311223,4.20118696413546e-05,-6.70504647623562
"atm",1,0.00238563781143447,105,0.0231843005609022,0.115957888825804,0.00238563781143447,-4.09640847268289
"atm",2,0.0708590178029449,105,0.0231843005609022,3.4442202707036,0.0708590178029449,-0.705182749200973
"atm",3,3.40366779656413e-11,105,0.0231843005609022,1.65440927395695e-09,3.40366779656413e-11,-22.1617021175315
"atm.",1,0.00355620077644908,15,0.0015860436264492,1.22231822588026,0.00355620077644908,-2.71915663039042
"atm.",2,0.00609042168758681,15,0.0015860436264492,2.09336702284486,0.00609042168758681,-2.1811320858171
"atm.",3,1.64331787528485e-17,15,0.0015860436264492,5.64832391685479e-15,1.64331787528485e-17,-35.7273234168616
"atms",1,0.00208919572841374,22,0.00362767319389026,0.48631855871703,0.00208919572841374,-3.44593375260276
"atms",2,0.0128535155810441,22,0.00362767319389026,2.99201414535073,0.0128535155810441,-1.62909556558003
"atms",3,2.59571251642443e-11,22,0.00362767319389026,6.0422446430605e-09,2.59571251642443e-11,-21.6495326177964
"ave",1,0.00391650642702723,7,0.00141363900568067,2.92954200820934,0.00391650642702723,-2.23385457026281
"ave",2,1.18535154643745e-05,7,0.00141363900568067,0.00886641504229622,1.18535154643745e-05,-8.03418540083624
"ave",3,2.572917301323e-15,7,0.00141363900568067,1.92453898858927e-12,2.572917301323e-15,-30.2850353332
"back",1,0.00464904419785208,11,0.0011260741108562,2.19841230820767,0.00464904419785208,-2.29167910380904
"back",2,0.00190656699492876,11,0.0011260741108562,0.901566035876876,0.00190656699492876,-3.18303651346106
"back",3,2.07010085429086e-09,11,0.0011260741108562,9.78896952497637e-07,2.07010085429086e-09,-16.9162539834255
"balance",1,2.00705933557463e-26,7,0.00131360648833662,1.47589589368478e-23,2.00705933557463e-26,-55.870366866031
"balance",2,1.49916290807667e-29,7,0.00131360648833662,1.10241303820817e-26,1.49916290807667e-29,-63.0698858876508
"balance",3,0.00357286974448832,7,0.00131360648833662,2.6273183313991,0.00357286974448832,-2.33421123798344
"banker",1,1.41291249166667e-07,27,0.00385974574065797,2.67418242573802e-05,1.41291249166667e-07,-13.150862123315
"banker",2,0.0143377248250657,27,0.00385974574065797,2.7136635834418,0.0143377248250657,-1.62328075899964
"banker",3,0.00337613929138579,27,0.00385974574065797,0.638993031282329,0.00337613929138579,-3.06944208706418
"bankers",1,1.75866984420993e-15,16,0.00342277629023876,5.60685558033174e-13,1.75866984420993e-15,-31.0919173955386
"bankers",2,0.0106190995602669,16,0.00342277629023876,3.38549943433692,0.0106190995602669,-1.66279980753616
"bankers",3,0.0004603423871723,16,0.00342277629023876,0.146762810022468,0.0004603423871723,-4.8012387790144
"banks",1,0.0222318966852652,54,0.00410126923601845,2.14543171089981,0.0222318966852652,-1.52144321885959
"banks",2,0.000948190385306672,54,0.00410126923601845,0.0915026616669876,0.000948190385306672,-4.67617123267853
"banks",3,0.00664161460313737,54,0.00410126923601845,0.640931845936032,0.00664161460313737,-2.72961616711858
"beginning",1,4.52072597388758e-10,6,0.00150284678033533,3.84129643483076e-07,4.52072597388758e-10,-18.1447320317007
"beginning",2,0.00422004218454516,6,0.00150284678033533,3.58580305286424,0.00422004218454516,-2.09546385104579
"beginning",3,5.48593986631496e-22,6,0.00150284678033533,4.66144627475614e-19,5.48593986631496e-22,-45.5822373111118
"beneficiary",1,0.00336510732627747,6,0.00123443849103841,2.93680367777761,0.00336510732627747,-2.30848680800234
"beneficiary",2,1.16999306612301e-41,6,0.00123443849103841,1.02107885615802e-38,1.16999306612301e-41,-90.8631823768445
"beneficiary",3,7.22451390357818e-24,6,0.00123443849103841,6.30499325727432e-21,7.22451390357818e-24,-49.8987536663937
"bill",1,2.14996645136253e-08,10,0.00187647201701248,1.10668816069443e-05,2.14996645136253e-08,-14.5333910272681
"bill",2,2.31739585633112e-20,10,0.00187647201701248,1.19287189631199e-17,2.31739585633112e-20,-42.0894203016859
"bill",3,0.00510408006893342,10,0.00187647201701248,2.62730843076422,0.00510408006893342,-2.15587756689191
"bit",1,1.64892898622165e-09,16,0.00400502868531306,5.25415998523915e-07,1.64892898622165e-09,-17.3411076845147
"bit",2,0.0112522759245492,16,0.00400502868531306,3.58543384218786,0.0112522759245492,-1.60515269185319
"bit",3,8.48586564417738e-07,16,0.00400502868531306,0.000270394274588603,8.48586564417738e-07,-11.0976615624133
"book",1,5.00318990477609e-13,6,0.00150284895686343,4.25124981850221e-10,5.00318990477609e-13,-24.9510842171253
"book",2,0.00422004275083366,6,0.00150284895686343,3.58580352135485,0.00422004275083366,-2.09546371862492
"book",3,7.06430642623429e-15,6,0.00150284895686343,6.00259674007248e-12,7.06430642623429e-15,-29.2112752521463
"boyfriend",1,0.000839627507039105,6,0.000481060241902633,0.723388695724908,0.000839627507039105,-3.70318039732721
"boyfriend",2,1.43445696612579e-07,6,0.000481060241902633,0.000123586941244758,1.43445696612579e-07,-12.3779374830331
"boyfriend",3,0.00229824172734357,6,0.000481060241902633,1.98007100966285,0.00229824172734357,-2.69623910362168
"branches",1,0.00276479250872534,18,0.00241254322301017,0.788787144496465,0.00276479250872534,-3.06402423112376
"branches",2,0.00918990373273044,18,0.00241254322301017,2.62185241773525,0.00918990373273044,-1.86288436013697
"branches",3,2.18571980080361e-06,18,0.00241254322301017,0.00062357940963176,2.18571980080361e-06,-10.2067998976287
"building",1,4.91096973364702e-10,17,0.00425806955471167,1.4727845715237e-07,4.91096973364702e-10,-18.5826601407794
"building",2,0.0119567871799695,17,0.00425806955471167,3.58580334205682,0.0119567871799695,-1.57473683189021
"building",3,1.76294920786906e-20,17,0.00425806955471167,5.28702992392763e-18,1.76294920786906e-20,-42.632994401843
"business",1,0.0131864567616807,68,0.00103115741583201,1.00036080837904,0.0131864567616807,-2.16410211784536
"business",2,0.0183139380968941,68,0.00103115741583201,1.38934561803224,0.0183139380968941,-1.83563000325112
"business",3,0.00941705535256536,68,0.00103115741583201,0.714403670015276,0.00941705535256536,-2.50076997338231
"california",1,0.000201253222386814,9,0.000490582937879511,0.114852700939943,0.000201253222386814,-5.33752573147431
"california",2,0.00188354500392221,9,0.000490582937879511,1.07491561365715,0.00188354500392221,-3.10117873888469
"california",3,0.00304365921122017,9,0.000490582937879511,1.73697830525906,0.00304365921122017,-2.62127390105458
"call",1,1.67003051002857e-17,7,0.00131360648833635,1.22806093890283e-14,1.67003051002857e-17,-35.330929767034
"call",2,3.85869504033189e-18,7,0.00131360648833635,2.83750064787056e-15,3.85869504033189e-18,-36.7960277019036
"call",3,0.0035728697444883,7,0.00131360648833635,2.62731833139908,0.0035728697444883,-2.33421123798345
"car",1,0.00763469557798681,20,0.00189578995923475,1.98174826842903,0.00763469557798681,-2.09553639701883
"car",2,0.00449245132509594,20,0.00189578995923475,1.16611167315962,0.00449245132509594,-2.6258409580734
"car",3,1.01433103222119e-16,20,0.00189578995923475,2.63291279421024e-14,1.01433103222119e-16,-34.0476163582611
"card",1,1.07671779606821e-05,70,0.0130987816066856,0.000791770687126305,1.07671779606821e-05,-9.29012343672669
"card",2,6.7759585654066e-08,70,0.0130987816066856,4.98274049975068e-06,6.7759585654066e-08,-14.3584152093295
"card",3,0.0357188494615214,70,0.0130987816066856,2.62660634799411,0.0357188494615214,-1.18319204122002
"cards",1,6.1707666709617e-08,8,0.00150098092056209,3.97047798085921e-05,6.1707666709617e-08,-13.3674483176086
"cards",2,2.60635457508307e-10,8,0.00150098092056209,1.67701583976213e-07,2.60635457508307e-10,-18.8344890611569
"cards",3,0.00408322336097871,8,0.00150098092056209,2.62728268790129,0.00408322336097871,-2.26745922473593
"care",1,0.00389765215275844,23,0.000262184318244669,0.873648344304355,0.00389765215275844,-2.84122912779411
"care",2,0.006017549583069,23,0.000262184318244669,1.34881770460121,0.006017549583069,-2.40692335708125
"care",3,0.00382542028304897,23,0.000262184318244669,0.857457763178991,0.00382542028304897,-2.85993514837078
"cars",1,0.00129346534447386,6,0.000663874491456073,1.11033002157531,0.00129346534447386,-3.27288653044276
"cars",2,0.00259487517507506,6,0.000663874491456073,2.22747970901246,0.00259487517507506,-2.5766730473001
"cars",3,2.23939368778808e-06,6,0.000663874491456073,0.00192232907692535,2.23939368778808e-06,-9.63176158551939
"case",1,9.22598879293795e-08,16,0.0029578595830548,2.94318755835044e-05,9.22598879293795e-08,-13.3160443204834
"case",2,0.00988834497707226,16,0.0029578595830548,3.15448615453265,0.00988834497707226,-1.73378643735732
"case",3,0.000990562654604969,16,0.0029578595830548,0.315999915698091,0.000990562654604969,-4.03462538523357
"cash",1,0.026358394374178,47,0.00966432638020691,2.93662086729807,0.026358394374178,-1.27935446359669
"cash",2,2.94251461050421e-11,47,0.00966432638020691,3.2782914182365e-09,2.94251461050421e-11,-21.8925574784012
"cash",3,1.46792396609682e-06,47,0.00966432638020691,0.000163543199530768,1.46792396609682e-06,-11.075047404269
"cashier",1,0.00336358775116258,6,0.00123025316174152,2.93545462644,0.00336358775116258,-2.30894237601863
"cashier",2,6.55748243801188e-13,6,0.00123025316174152,5.72281551263463e-10,6.55748243801188e-13,-24.6671947387411
"cashier",3,1.38290866263131e-06,6,0.00123025316174152,0.00120688560310696,1.38290866263131e-06,-10.1055168348109
"center",1,0.0145171088574085,26,0.00518005534865821,2.92336657535275,0.0145171088574085,-1.57984575749565
"center",2,7.42775314194577e-05,26,0.00518005534865821,0.0149575548949984,7.42775314194577e-05,-6.85512040906104
"center",3,5.27216809222116e-06,26,0.00518005534865821,0.00106167695867178,5.27216809222116e-06,-9.50048723089607
"chance",1,1.04445606627637e-06,7,0.0013100124326848,0.000768046739772716,1.04445606627637e-06,-10.471837143195
"chance",2,8.37617147562064e-13,7,0.0013100124326848,6.15946558342394e-10,8.37617147562064e-13,-24.5080380877018
"chance",3,0.00357191922302457,7,0.0013100124326848,2.6266312222745,0.00357191922302457,-2.33447505455289
"change",1,0.00194264567155676,10,0.000158603857678092,1.0049733859354,0.00194264567155676,-3.11937171361887
"change",2,0.000655765112336577,10,0.000158603857678092,0.339241733565895,0.000655765112336577,-4.20537512047873
"change",3,0.00286028480303021,10,0.000158603857678092,1.4796883164686,0.00286028480303021,-2.73250130450625
"charge",1,1.85575857132497e-10,11,0.00206196604670126,8.68404395746188e-08,1.85575857132497e-10,-19.3333754071004
"charge",2,6.08197336518657e-07,11,0.00206196604670126,0.00028460665556125,6.08197336518657e-07,-11.2385844639558
"charge",3,0.00561406806442697,11,0.00206196604670126,2.6271097224063,0.00561406806442697,-2.10829770002182
"charges",1,0.000567195044880929,9,0.00106179011203041,0.325021778268517,0.000567195044880929,-4.29933520386528
"charges",2,1.40576700499142e-17,9,0.00106179011203041,8.0555162799322e-15,1.40576700499142e-17,-35.6278914010176
"charges",3,0.00407750642842444,9,0.00106179011203041,2.33654789869689,0.00407750642842444,-2.3267975318853
"check",1,0.0342119192041241,61,0.0125500970582114,2.93680321673591,0.0342119192041241,-1.14892976618516
"check",2,1.85785929212891e-13,61,0.0125500970582114,1.59481469391205e-11,1.85785929212891e-13,-27.0879298875176
"check",3,4.80472209952779e-09,61,0.0125500970582114,4.12444658051057e-07,4.80472209952779e-09,-16.9274152171778
"checking",1,7.83992807389935e-17,16,0.00300252654750574,2.52223558164825e-14,7.83992807389935e-17,-34.1978812894584
"checking",2,3.84464778508869e-10,16,0.00300252654750574,1.23688729680306e-07,3.84464778508869e-10,-18.792333303169
"checking",3,0.00816655913696945,16,0.00300252654750574,2.62731824077234,0.00816655913696945,-1.92087198572031
"checks",1,0.00858667187170797,27,0.0017476308508902,1.65288838165157,0.00858667187170797,-2.1275098841949
"checks",2,4.79818330265581e-05,27,0.0017476308508902,0.009236246071223,4.79818330265581e-05,-7.31465392126866
"checks",3,0.00593183623507241,27,0.0017476308508902,1.14184672959452,0.00593183623507241,-2.49738728607965
"choice",1,3.14806251185594e-07,11,0.00264269152907685,0.000145921920572735,3.14806251185594e-07,-11.9018736664319
"choice",2,0.00764618093195185,11,0.00264269152907685,3.54422887866751,0.00764618093195185,-1.80411418385247
"choice",3,6.54353411021524e-05,11,0.00264269152907685,0.030331197716048,6.54353411021524e-05,-6.56501326510416
"clients",1,0.00392595854732369,7,0.00144017823954448,2.93680367777759,0.00392595854732369,-2.23141146808872
"clients",2,1.58702115407739e-17,7,0.00144017823954448,1.18716728814739e-14,1.58702115407739e-17,-35.3733545362457
"clients",3,1.23993886903686e-17,7,0.00144017823954448,9.27533234727912e-15,1.23993886903686e-17,-35.6201512280647
"coffee",1,7.91042878407286e-07,7,0.00175110994996195,0.000576136228273502,7.91042878407286e-07,-10.7545400403066
"coffee",2,0.00492238722896186,7,0.00175110994996195,3.58509720472521,0.00492238722896186,-2.01858803452123
"coffee",3,2.87863586296865e-09,7,0.00175110994996195,2.09658218781117e-06,2.87863586296865e-09,-16.3705756912077
"company",1,1.96333422455453e-06,12,0.00224520975202496,0.000842187311101582,1.96333422455453e-06,-10.1101872518791
"company",2,2.22181898658573e-16,12,0.00224520975202496,9.53066337185482e-14,2.22181898658573e-16,-33.0123561210313
"company",3,0.0061231328040799,12,0.00224520975202496,2.6265648952134,0.0061231328040799,-2.0650022741833
"complaint",1,1.00179894892762e-06,7,0.00131014310970991,0.000736678448765743,1.00179894892762e-06,-10.5135361418281
"complaint",2,2.86793449523563e-11,7,0.00131014310970991,2.10895163882289e-08,2.86793449523563e-11,-20.9746668569547
"complaint",3,0.0035719580234856,7,0.00131014310970991,2.62665926992087,0.0035719580234856,-2.33446428420149
"computer",1,4.04262411483679e-05,9,0.00160232992218844,0.0231245578975007,4.04262411483679e-05,-6.94144578209477
"computer",2,3.77997496613314e-14,9,0.00160232992218844,2.16221561719393e-11,3.77997496613314e-14,-27.7318882466407
"computer",3,0.00455689924381006,9,0.00160232992218844,2.60663067856896,0.00455689924381006,-2.21652720876424
"convenience",1,0.00336510626433892,6,0.00123443145348365,2.93680272589863,0.00336510626433892,-2.30848712784949
"convenience",2,1.33173347048136e-09,6,0.00123443145348365,1.16223327855248e-06,1.33173347048136e-09,-17.0509757728503
"convenience",3,8.87695384606114e-18,6,0.00123443145348365,7.74711411911688e-15,8.87695384606114e-18,-35.8772646018561
"conversation",1,0.00487832531632023,10,0.00120814836045923,2.54824560983228,0.00487832531632023,-2.1937740823257
"conversation",2,0.000134996193419789,10,0.00120814836045923,0.0705167111498688,0.000134996193419789,-5.78108476823997
"conversation",3,0.000566550169780033,10,0.00120814836045923,0.295943564497808,0.000566550169780033,-4.34676571189035
"corner",1,1.174180207023e-19,7,0.00175332378699536,8.55180135698844e-17,1.174180207023e-19,-40.2931755970289
"corner",2,0.00492338321004929,7,0.00175332378699536,3.58580352188212,0.00492338321004929,-2.01838837856228
"corner",3,1.161160692613e-26,7,0.00175332378699536,8.4569774957678e-24,1.161160692613e-26,-56.4224213539946
"counter",1,0.00448680976836996,8,0.00164591798805121,2.93680367777761,0.00448680976836996,-2.16464577177645
"counter",2,2.13586650118553e-20,8,0.00164591798805121,1.39801349282576e-17,2.13586650118553e-20,-42.0508618628971
"counter",3,7.59112306906405e-25,8,0.00164591798805121,4.96870589541151e-22,7.59112306906405e-25,-52.295680200167
"couple",1,0.00711244111132584,18,0.00156290915688633,2.05854982431813,0.00711244111132584,-2.11195399652257
"couple",2,6.92605548569889e-06,18,0.00156290915688633,0.00200460433768642,6.92605548569889e-06,-9.04626433815361
"couple",3,0.00270958341344893,18,0.00156290915688633,0.784233201010059,0.00270958341344893,-3.07700461523744
"course",1,1.30273231989025e-08,20,0.00500944155129081,3.32082580123489e-06,1.30273231989025e-08,-15.3857569856333
"course",2,0.0140667928345197,20,0.00500944155129081,3.58579946718715,0.0140667928345197,-1.49347846239017
"course",3,1.39500908849462e-14,20,0.00500944155129081,3.55605069690785e-12,1.39500908849462e-14,-29.1328304566349
"credit",1,6.64313775099409e-17,54,0.00780990452693476,6.32950358798621e-15,6.64313775099409e-17,-34.9719583800583
"credit",2,0.00184294054908188,54,0.00780990452693476,0.175593209942297,0.00184294054908188,-4.01798906239279
"credit",3,0.0262247270966742,54,0.00780990452693476,2.4986611820223,0.0262247270966742,-1.36264873487231
"customer",1,1.08929296850374e-05,144,0.0269824246712073,0.000389382791726623,1.08929296850374e-05,-9.63917214485607
"customer",2,5.6865786299049e-09,144,0.0269824246712073,2.0327459428356e-07,5.6865786299049e-09,-17.196932577842
"customer",3,0.0734891173644121,144,0.0269824246712073,2.62696983348626,0.0734891173644121,-0.822393459706802
"customers",1,0.0114868093984841,47,0.00236569256776561,1.26173507376511,0.0114868093984841,-2.11703404718906
"customers",2,0.015300129655505,47,0.00236569256776561,1.68059811474298,0.015300129655505,-1.83037211283423
"customers",3,0.00243233511182365,47,0.00236569256776561,0.267172755747413,0.00243233511182365,-3.6693816681107
"date",1,1.80222240090773e-16,8,0.00123810684212869,1.15078894817778e-13,1.80222240090773e-16,-33.0227496886396
"date",2,0.00446748256920417,8,0.00123810684212869,2.85266100578241,0.00446748256920417,-2.18133898386061
"date",3,0.000841254331420537,8,0.00123810684212869,0.537173540134576,0.000841254331420537,-3.85102529946072
"day",1,0.020936798442322,44,0.00549541377322354,2.48511971068172,0.020936798442322,-1.47796307274488
"day",2,1.81837522668175e-05,44,0.00549541377322354,0.00215834342088695,1.81837522668175e-05,-8.52669819075129
"day",3,0.00339103625406485,44,0.00549541377322354,0.402503327231643,0.00339103625406485,-3.2983358201894
"days",1,1.23850791253065e-09,26,0.00487910170576825,2.45199167152126e-07,1.23850791253065e-09,-17.8652767538573
"days",2,6.10621218125066e-12,26,0.00487910170576825,1.2089047846594e-09,6.10621218125066e-12,-23.1776327482272
"days",3,0.0132706579194051,26,0.00487910170576825,2.62731811115367,0.0132706579194051,-1.67811812804844
"deal",1,5.87086704709755e-17,8,0.00146854820210201,3.77742447600497e-14,5.87086704709755e-17,-34.1405465649202
"deal",2,1.34482241753097e-05,8,0.00146854820210201,0.00865283624226018,1.34482241753097e-05,-7.98326580735625
"deal",3,0.00407352041214812,8,0.00146854820210201,2.62097839806497,0.00407352041214812,-2.26985000241291
"debit",1,3.68809516696546e-13,21,0.00394081946145017,9.0401654067815e-11,3.68809516696546e-13,-25.8776273252785
"debit",2,4.5801335478609e-15,21,0.00394081946145017,1.12267072793242e-12,4.5801335478609e-15,-30.2661794644971
"debit",3,0.010718609233126,21,0.00394081946145017,2.6273183313174,0.010718609233126,-1.78490509368075
"department",1,1.16628623617185e-29,10,0.00187658069762374,6.00341965691815e-27,1.16628623617185e-29,-63.4993057073026
"department",2,2.06929947921041e-35,10,0.00187658069762374,1.06516503275545e-32,2.06929947921041e-35,-76.7414306744749
"department",3,0.00510409963498332,10,0.00187658069762374,2.6273183313991,0.00510409963498332,-2.15587376601408
"deposit",1,0.0280425093214242,50,0.0102866934557308,2.93679812863397,0.0280425093214242,-1.24835690702691
"deposit",2,4.63469729330081e-08,50,0.0102866934557308,4.85376332828815e-06,4.63469729330081e-08,-14.5614330329414
"deposit",3,1.34446478633255e-08,50,0.0102866934557308,1.40801296462409e-06,1.34446478633255e-08,-15.7990079154558
"deposits",1,0.0112170055973721,20,0.00411471046932659,2.93679866436592,0.0112170055973721,-1.70650209845158
"deposits",2,4.73215822057177e-12,20,0.00411471046932659,1.23895774332138e-09,4.73215822057177e-12,-23.2928175372117
"deposits",3,1.71271855118096e-08,20,0.00411471046932659,4.48418208396133e-06,1.71271855118096e-08,-15.0987766429538
"dollars",1,7.13406679141748e-12,11,0.00206423870931229,3.33839743794425e-09,7.13406679141748e-12,-22.5919573103648
"dollars",2,3.68395590737308e-28,11,0.00206423870931229,1.7239127866688e-25,3.68395590737308e-28,-60.0942130979314
"dollars",3,0.0056145095919892,11,0.00206423870931229,2.62731832841251,0.0056145095919892,-2.10821867725847
"door",1,0.011216881522136,20,0.00411407299806272,2.93676525300829,0.011216881522136,-1.70651331758775
"door",2,1.78308683213832e-07,20,0.00411407299806272,4.66841647688481e-05,1.78308683213832e-07,-12.755927574106
"door",3,6.49360489979521e-10,20,0.00411407299806272,1.70013324994552e-07,6.49360489979521e-10,-18.3712110597827
"drive",1,3.1964993210836e-10,79,0.0197875095083054,2.06285363402973e-08,3.1964993210836e-10,-19.7801925708045
"drive",2,0.0555638958268393,79,0.0197875095083054,3.58580349669491,0.0555638958268393,-0.806619533975693
"drive",3,6.25329341901537e-20,79,0.0197875095083054,4.03554881710319e-18,6.25329341901537e-20,-42.134991477573
"drive-thru",1,0.00953441834149262,17,0.00349729231971535,2.93678709524256,0.00953441834149262,-1.78776544261053
"drive-thru",2,6.57331185294645e-08,17,0.00349729231971535,2.02470845428794e-05,6.57331185294645e-08,-13.6725813496133
"drive-thru",3,1.94025833729934e-16,17,0.00349729231971535,5.9763746904412e-14,1.94025833729934e-16,-33.3134587584933
"effort",1,7.87125910832716e-17,9,0.0022542730294477,4.45884718851437e-14,7.87125910832716e-17,-33.911014795061
"effort",2,0.00633006402346716,9,0.0022542730294477,3.58580346367876,0.00633006402346716,-1.89273118073179
"effort",3,7.52827499758775e-11,9,0.0022542730294477,4.2645563238854e-08,7.52827499758775e-11,-20.1400563434985
"employee",1,0.00245987453043036,14,0.000854470216359002,0.909201755032586,0.00245987453043036,-3.05141659546505
"employee",2,7.80295693972289e-05,14,0.000854470216359002,0.0288407479986329,7.80295693972289e-05,-6.50219436951306
"employee",3,0.00485047302033855,14,0.000854470216359002,1.79279818066918,0.00485047302033855,-2.37245071005812
"employees",1,0.00310687813804156,41,0.00547304938002582,0.387974788272418,0.00310687813804156,-3.36047589561688
"employees",2,0.022920227895285,41,0.00547304938002582,2.86218839932814,0.022920227895285,-1.36207446864229
"employees",3,0.00146628128303781,41,0.00547304938002582,0.183103470769858,0.00146628128303781,-4.11136484735155
"end",1,5.67061422339821e-12,8,0.00150126451212687,3.64866229237383e-09,5.67061422339821e-12,-22.6623144535911
"end",2,2.65396762604295e-16,8,0.00150126451212687,1.70765127388984e-13,2.65396762604295e-16,-32.6318965284211
"end",3,0.00408327970282585,8,0.00150126451212687,2.62731832813481,0.00408327970282585,-2.26744554292435
"errands",1,0.00336385396098796,6,0.00122991856482159,2.93568022290081,0.00336385396098796,-2.30886438060468
"errands",2,1.57179388117674e-06,6,0.00122991856482159,0.00137172548658797,1.57179388117674e-06,-9.97748942187894
"errands",3,1.89743406074126e-22,6,0.00122991856482159,1.65591601507591e-19,1.89743406074126e-22,-46.6305659972632
"error",1,2.56562227763276e-22,6,0.00112594841857425,2.2010759074496e-19,2.56562227763276e-22,-46.3374207352657
"error",2,2.80996745625802e-20,6,0.00112594841857425,2.41070235576286e-17,2.80996745625802e-20,-41.6412786999667
"error",3,0.00306245978098999,6,0.00112594841857425,2.6273183313991,0.00306245978098999,-2.41128657789707
"everyone",1,0.000166262909018266,23,0.00192019842958013,0.0371529991978852,0.000166262909018266,-5.99732550608984
"everyone",2,0.00294279015773581,23,0.00192019842958013,0.657593933701063,0.00294279015773581,-3.12378238731263
"everyone",3,0.00945255421906539,23,0.00192019842958013,2.11226148629651,0.00945255421906539,-1.95685555914307
"everything",1,0.000620512910243418,23,0.00329384021918697,0.138981451409915,0.000620512910243418,-4.67918947259595
"everything",2,5.54484851928172e-05,23,0.00329384021918697,0.0124192596533662,5.54484851928172e-05,-7.09428148822933
"everything",3,0.0111344846650974,23,0.00329384021918697,2.49388338890423,0.0111344846650974,-1.7919335852356
"experience",1,2.24141266011862e-05,42,0.00858114364560488,0.00272275980192174,2.24141266011862e-05,-8.30596421302444
"experience",2,0.0273432821760169,42,0.00858114364560488,3.32152980511504,0.0273432821760169,-1.19942947154452
"experience",3,0.0015739638877427,42,0.00858114364560488,0.191197528213992,0.0015739638877427,-4.05430313921696
"experiences",1,1.40397172410153e-08,18,0.00170282731803747,3.99457183708281e-06,1.40397172410153e-08,-15.2559748686338
"experiences",2,0.00668764978179509,18,0.00170282731803747,1.90276606117032,0.00668764978179509,-2.18209206028653
"experiences",3,0.00433417912395354,18,0.00170282731803747,1.23315801651893,0.00433417912395354,-2.61582233733698
"fact",1,0.00101320135185763,13,0.000357831632600687,0.400576809715648,0.00101320135185763,-3.90474502594783
"fact",2,0.00367433878604839,13,0.000357831632600687,1.45267760058866,0.00367433878604839,-2.61648680502475
"fact",3,0.00304680675217167,13,0.000357831632600687,1.20457806966736,0.00304680675217167,-2.80376592367195
"factor",1,3.55638203110536e-05,6,0.00144311388053788,0.0302272820969604,3.55638203110536e-05,-6.8715960509899
"factor",2,0.00417544362651979,6,0.00144311388053788,3.54889635800856,0.00417544362651979,-2.10594899919535
"factor",3,1.49677474634351e-22,6,0.00144311388053788,1.27217582637683e-19,1.49677474634351e-22,-46.8809737525178
"fan",1,0.00027396330164162,10,0.0021487861723548,0.139854777533276,0.00027396330164162,-5.08483354711946
"fan",2,0.00668268411464357,10,0.0021487861723548,3.41142516015238,0.00668268411464357,-1.89055270952819
"fan",3,5.19187461656979e-06,10,0.0021487861723548,0.00265038589157784,5.19187461656979e-06,-9.0507328791636
"fault",1,0.00140925508049787,7,0.000463243598305783,1.04264988274692,0.00140925508049787,-3.26146429456292
"fault",2,4.57987057135505e-07,7,0.000463243598305783,0.000338845790254833,4.57987057135505e-07,-11.2931951814224
"fault",3,0.00229002643266126,7,0.000463243598305783,1.69429638717929,0.00229002643266126,-2.77596218749719
"feature",1,4.12612842846525e-05,7,0.000557853820719349,0.0302068337663106,4.12612842846525e-05,-6.79763651036249
"feature",2,0.00236591074767395,7,0.000557853820719349,1.73205158055386,0.00236591074767395,-2.74864282319852
"feature",3,0.0018183920979377,7,0.000557853820719349,1.33122050795708,0.0018183920979377,-3.01185321723262
"fee",1,0.0016804885466447,17,0.00164774718225546,0.51036537579179,0.0016804885466447,-3.53064955645924
"fee",2,1.53656086206225e-23,17,0.00164774718225546,4.66654451980124e-21,1.53656086206225e-23,-49.6718892564068
"fee",3,0.00714761887515748,17,0.00164774718225546,2.17073612344441,0.00714761887515748,-2.08295483238659
"fees",1,1.10130923873967e-10,39,0.00731866386998058,1.453577620933e-08,1.10130923873967e-10,-20.4880020712168
"fees",2,1.75415194352082e-12,39,0.00731866386998058,2.31524073269009e-10,1.75415194352082e-12,-24.6276864292356
"fees",3,0.0199059884749359,39,0.00731866386998058,2.62731831822549,0.0199059884749359,-1.47538549450278
"form",1,0.0020576318415457,7,0.000455983506160982,1.52666370498869,0.0020576318415457,-2.88155738972905
"form",2,1.99549053436933e-22,7,0.000455983506160982,1.48055784857103e-19,1.99549053436933e-22,-46.6613399846404
"form",3,0.00170029506919891,7,0.000455983506160982,1.26153703374227,0.00170029506919891,-3.0723113136431
"fraud",1,5.84253577866085e-18,7,0.00131360648833654,4.29632269041173e-15,5.84253577866085e-18,-36.3811918444944
"fraud",2,1.93144492708648e-24,7,0.00131360648833654,1.42029265714214e-21,1.93144492708648e-24,-51.3035989240426
"fraud",3,0.00357286974448832,7,0.00131360648833654,2.62731833139909,0.00357286974448832,-2.33421123798345
"friend",1,0.00336510732627526,6,0.0012344384910158,2.93680367777564,0.00336510732627526,-2.30848680800301
"friend",2,8.23571777040793e-16,6,0.0012344384910158,7.18749326311317e-13,8.23571777040793e-16,-31.3470723536154
"friend",3,1.41387223000492e-15,6,0.0012344384910158,1.23391760273492e-12,1.41387223000492e-15,-30.8066355786847
"front",1,0.00298042838796788,21,0.00220801487602683,0.728796827194479,0.00298042838796788,-3.06602426047802
"front",2,0.010261280148155,21,0.00220801487602683,2.50916561025914,0.010261280148155,-1.82971370228056
"front",3,0.000559681912089649,21,0.00220801487602683,0.136857642148278,0.000559681912089649,-4.73847797577501
"funds",1,0.000140447531815825,10,0.00163751118221726,0.0723256378635846,0.000140447531815825,-5.74862659336083
"funds",2,2.27217430969528e-12,10,0.00163751118221726,1.1700914509588e-09,2.27217430969528e-12,-23.6882339125873
"funds",3,0.00497628352649985,10,0.00163751118221726,2.56261449091265,0.00497628352649985,-2.18102196176165
"girl",1,3.38322513878261e-07,6,0.00106399597412685,0.000290231127637067,3.38322513878261e-07,-11.522049586948
"girl",2,3.01488965944073e-05,6,0.00106399597412685,0.0258633342348501,3.01488965944073e-05,-7.03214560627432
"girl",3,0.00304027301226501,6,0.00106399597412685,2.6081086196697,0.00304027301226501,-2.41859133454339
"glass",1,0.00447521313684466,8,0.00161370064030683,2.92900818459483,0.00447521313684466,-2.16726871893594
"glass",2,1.45376768367358e-05,8,0.00161370064030683,0.00951484837430926,1.45376768367358e-05,-7.8968342949072
"glass",3,3.76054495480483e-09,8,0.00161370064030683,2.46126086386272e-06,3.76054495480483e-09,-16.1567693741497
"guy",1,0.0134129362860396,24,0.00481150319045932,2.92616313047662,0.0134129362860396,-1.61892179507591
"guy",2,5.888728359031e-05,24,0.00481150319045932,0.0128468363989199,5.888728359031e-05,-7.04727154075072
"guy",3,4.87491554004901e-07,24,0.00481150319045932,0.000106351046581247,4.87491554004901e-07,-11.8413790236144
"guys",1,0.00430324956140662,8,0.00139687773745513,2.81466791165118,0.00430324956140662,-2.20677027304791
"guys",2,1.75204273870955e-11,8,0.00139687773745513,1.14597547879033e-08,1.75204273870955e-11,-21.526039079791
"guys",3,0.000167051346041833,8,0.00139687773745513,0.109264883802926,0.000167051346041833,-5.45559477478954
"half",1,0.00286000951893634,6,0.000757902576304135,2.48954246565488,0.00286000951893634,-2.47241569049836
"half",2,1.49458185203212e-15,6,0.000757902576304135,1.30098342834008e-12,1.49458185203212e-15,-30.75241528947
"half",3,0.000459670842699671,6,0.000757902576304135,0.400128067947759,0.000459670842699671,-4.30048524860633
"hand",1,0.00116593937862848,9,0.000333398864111115,0.669028516827657,0.00116593937862848,-3.57807838850107
"hand",2,0.000433545720086902,9,0.000333398864111115,0.248773182725775,0.000433545720086902,-4.56736350518747
"hand",3,0.0032179898081847,9,0.000333398864111115,1.84651705568849,0.0032179898081847,-2.56284860275514
"head",1,6.46491223402599e-06,8,0.00198844639292066,0.00412012443796471,6.46491223402599e-06,-8.72049651703831
"head",2,0.00561821613516966,8,0.00198844639292066,3.58052031618455,0.00561821613516966,-1.95311647478281
"head",3,2.90388501368031e-07,8,0.00198844639292066,0.000185066203171841,2.90388501368031e-07,-11.8234215462688
"hell",1,0.00249311857592719,6,0.000572825081961624,2.16610953983446,0.00249311857592719,-2.61064409615777
"hell",2,7.50716944554488e-12,6,0.000572825081961624,6.52249416059201e-09,7.50716944554488e-12,-22.2315858100548
"hell",3,0.000793564721766168,6,0.000572825081961624,0.689477079386207,0.000793564721766168,-3.7553986405361
"help",1,0.00314238353309844,13,0.0013598962346258,1.24652495329796,0.00314238353309844,-2.77120701878847
"help",2,0.00520269122832152,13,0.0013598962346258,2.06381059857852,0.00520269122832152,-2.26701258210615
"help",3,5.32750105698197e-10,13,0.0013598962346258,2.1133203303485e-07,5.32750105698197e-10,-18.3614019852884
"hold",1,0.00389541508797661,7,0.00138298974853984,2.91356439099656,0.00389541508797661,-2.2392889138152
"hold",2,2.77837093099505e-13,7,0.00138298974853984,2.07807446105362e-10,2.77837093099505e-13,-25.6030753269474
"hold",3,2.77964730616156e-05,7,0.00138298974853984,0.0207902912214896,2.77964730616156e-05,-7.18193529152301
"home",1,0.00292801119010922,21,0.000722931358628608,0.720274928356473,0.00292801119010922,-3.08077707802424
"home",2,0.000999651019888209,21,0.000722931358628608,0.245908748287467,0.000999651019888209,-4.15544953689413
"home",3,0.00732849372268428,21,0.000722931358628608,1.80276984900129,0.00732849372268428,-2.16333049595191
"hour",1,0.00729106354433938,13,0.00267460137087877,2.9368027148059,0.00729106354433938,-1.92189218756857
"hour",2,2.71358154742575e-09,13,0.00267460137087877,1.09301662327635e-06,2.71358154742575e-09,-16.7257828052107
"hour",3,1.50545166632625e-10,13,0.00267460137087877,6.0638815089035e-08,1.50545166632625e-10,-19.6175443010698
"hours",1,1.05478290616602e-08,20,0.00383694727280538,2.69145647713606e-06,1.05478290616602e-08,-15.5963869219538
"hours",2,0.0125995154497402,20,0.00383694727280538,3.21497886131285,0.0125995154497402,-1.60313806974268
"hours",3,0.00106479667758006,20,0.00383694727280538,0.27170083037492,0.00106479667758006,-4.07401255872602
"house",1,5.90296754329774e-11,15,0.00367815438336192,2.00642230540006e-08,5.90296754329774e-11,-20.6386541902319
"house",2,0.0104933987940971,15,0.00367815438336192,3.56671271618961,0.0104933987940971,-1.6426822710018
"house",3,4.1152664038458e-05,15,0.00367815438336192,0.0139878158651147,4.1152664038458e-05,-7.1838952584421
"information",1,0.000277235017480463,14,0.00312828650158874,0.10105241566872,0.000277235017480463,-5.24138045134025
"information",2,0.00949624568711401,14,0.00312828650158874,3.46139017786293,0.00949624568711401,-1.70759422771463
"information",3,2.06945819052242e-06,14,0.00312828650158874,0.000754319390018777,2.06945819052242e-06,-10.1389592070572
"inside",1,1.26026999916972e-15,12,0.00300569792055265,5.35430665953579e-13,1.26026999916972e-15,-31.2815777002984
"inside",2,0.00844008550294006,12,0.00300569792055265,3.58580352188146,0.00844008550294006,-1.74889012819612
"inside",3,5.35745681956795e-21,12,0.00300569792055265,2.27613660137005e-18,5.35745681956795e-21,-43.6499248528025
"interest",1,1.20654681036865e-11,10,0.00187658060225735,6.21065962537536e-09,1.20654681036865e-11,-22.0188361729484
"interest",2,1.34197040868992e-18,10,0.00187658060225735,6.90774809901692e-16,1.34197040868992e-18,-38.0305552395693
"interest",3,0.00510409962400298,10,0.00187658060225735,2.62731832584293,0.00510409962400298,-2.1558737681471
"issue",1,6.47120289855414e-10,22,0.0041283998916347,1.51410462265362e-07,6.47120289855414e-10,-18.4308801570818
"issue",2,1.34541023992811e-08,22,0.0041283998916347,3.14793384719216e-06,1.34541023992811e-08,-15.3963730040848
"issue",3,0.0112290088444814,22,0.0041283998916347,2.62731588945332,0.0112290088444814,-1.76164601152447
"issues",1,1.67954672983306e-06,8,0.000876400622299771,0.00107935820130298,1.67954672983306e-06,-10.0641876385818
"issues",2,0.000715482093387481,8,0.000876400622299771,0.45980350035272,0.000715482093387481,-4.00975501995138
"issues",3,0.00356253013934547,8,0.000876400622299771,2.28945468142693,0.00356253013934547,-2.40448530721433
"job",1,0.00263878058290596,20,0.00164350401362643,0.681871458370441,0.00263878058290596,-3.16017624265633
"job",2,5.59195989344331e-06,20,0.00164350401362643,0.00144498480563023,5.59195989344331e-06,-9.31691859889866
"job",3,0.00780268455642761,20,0.00164350401362643,2.01624490196782,0.00780268455642761,-2.07602530430902
"kind",1,0.00613119021073701,18,0.00126108568488113,1.77157085867656,0.00613119021073701,-2.26124987124177
"kind",2,2.0387891932711e-05,18,0.00126108568488113,0.005890959826134,2.0387891932711e-05,-7.96745285101648
"kind",3,0.00359281441035974,18,0.00126108568488113,1.03812230435784,0.00359281441035974,-2.79570291028115
"kinds",1,6.92364271605048e-10,6,0.00112594414789442,5.93987016723338e-07,6.92364271605048e-10,-17.7136586349751
"kinds",2,9.05554652311678e-16,6,0.00112594414789442,7.76885417786817e-13,9.05554652311678e-16,-31.2607337826576
"kinds",3,0.0030624591508942,6,0.00112594414789442,2.62731780000687,0.0030624591508942,-2.41128678189948
"lack",1,3.53574163263469e-08,7,0.00131343925074038,2.60001648273694e-05,3.53574163263469e-08,-13.8575826749945
"lack",2,1.11769755905818e-13,7,0.00131343925074038,8.21901704989871e-11,1.11769755905818e-13,-26.5221603958668
"lack",3,0.00357283756692966,7,0.00131343925074038,2.62729507111546,0.00357283756692966,-2.33422016768517
"lady",1,1.38643265194334e-15,12,0.00171417398450529,5.94422378887691e-13,1.38643265194334e-15,-31.1816143184195
"lady",2,0.000434782860990846,12,0.00171417398450529,0.186409821037839,0.000434782860990846,-4.71023575589292
"lady",3,0.00580940024057275,12,0.00171417398450529,2.49073585079782,0.00580940024057275,-2.11784987651831
"lanes",1,8.32932710198258e-15,11,0.00275522309378295,3.86045168684459e-12,8.32932710198258e-15,-29.3496153220247
"lanes",2,0.00773674504435273,11,0.00275522309378295,3.5858035218774,0.00773674504435273,-1.79239581669208
"lanes",3,2.39442439971239e-29,11,0.00275522309378295,1.1097606805106e-26,2.39442439971239e-29,-62.8324464289544
"las",1,0.00208159789280899,6,0.000442812250685634,1.80477214860435,0.00208159789280899,-2.79209255607196
"las",2,8.60465966332531e-08,6,0.000442812250685634,7.46035060961399e-05,8.60465966332531e-08,-12.8858499596797
"las",3,0.00116801204488938,6,0.000442812250685634,1.01268146702731,0.00116801204488938,-3.36992517579549
"lender",1,4.01272507648784e-63,11,0.00275522309384985,1.8598058523459e-60,4.01272507648784e-63,-140.604011877869
"lender",2,0.00773674504436317,11,0.00275522309384985,3.58580352188212,0.00773674504436317,-1.79239581669075
"lender",3,1.35076706848592e-26,11,0.00275522309384985,6.260494928611e-24,1.35076706848592e-26,-56.4971613878361
"letter",1,4.92752652121211e-14,10,0.0018765806971311,2.53642790765781e-11,4.92752652121211e-14,-27.5195167134453
"letter",2,5.49929702485056e-22,10,0.0018765806971311,2.8307448749965e-19,5.49929702485056e-22,-45.8304143293075
"letter",3,0.00510409963493848,10,0.0018765806971311,2.62731833137641,0.00510409963493848,-2.15587376602279
"license",1,0.00336510732588604,6,0.00123443848811996,2.93680367743009,0.00336510732588604,-2.30848680811967
"license",2,2.61428186214824e-19,6,0.00123443848811996,2.28154166957342e-16,2.61428186214824e-19,-39.4023187160822
"license",3,3.56232764153891e-13,6,0.00123443848811996,3.1089222139825e-10,3.56232764153891e-13,-25.2773834323118
"life",1,0.00221684543329834,17,0.000531910787660392,0.673360078665165,0.00221684543329834,-3.25357256344375
"life",2,0.000993891690679338,17,0.000531910787660392,0.301891587463882,0.000993891690679338,-4.05578481415412
"life",3,0.00593823904532316,17,0.000531910787660392,1.8037221046765,0.00593823904532316,-2.26824514038621
"line",1,0.0589364956973461,110,0.0184589702930515,2.8032255190073,0.0589364956973461,-0.900262016808932
"line",2,0.000469894457793628,110,0.0184589702930515,0.0223498211039125,0.000469894457793628,-5.73196970430839
"line",3,0.00216817033672842,110,0.0184589702930515,0.103125751634152,0.00216817033672842,-4.20283888783484
"lines",1,0.00861198733686776,36,0.00378715691524519,1.23348652408965,0.00861198733686776,-2.27237771894823
"lines",2,0.0145201860193875,36,0.00378715691524519,2.07971204341129,0.0145201860193875,-1.74999300747659
"lines",3,9.52303626484243e-08,36,0.00378715691524519,1.36397517107503e-05,9.52303626484243e-08,-13.6847445596772
"loan",1,3.29470234944738e-21,19,0.00356550332538293,8.92598468130578e-19,3.29470234944738e-21,-44.3610606199385
"loan",2,9.47427537789532e-15,19,0.00356550332538293,2.56676409338618e-12,9.47427537789532e-15,-29.4892856210645
"loan",3,0.00969778930646143,19,0.00356550332538293,2.62731833139722,0.00969778930646143,-1.83494682292859
"lobby",1,1.95251507880353e-12,8,0.00200379860117236,1.24430056610359e-09,1.95251507880353e-12,-23.7332975247988
"lobby",2,0.0056267236661792,8,0.00200379860117236,3.58580352036284,0.0056267236661792,-1.95162268267945
"lobby",3,1.57206104756656e-20,8,0.00200379860117236,1.00184447878126e-17,1.57206104756656e-20,-42.3707090666889
"lot",1,0.000904166921599997,48,0.0107947907797482,0.0961198504662956,0.000904166921599997,-4.6753279953215
"lot",2,0.03262646344448,48,0.0107947907797482,3.46844228937062,0.03262646344448,-1.08946298630123
"lot",3,2.21416456800376e-12,48,0.0107947907797482,2.35382607016501e-10,2.21416456800376e-12,-24.5029773822712
"lots",1,4.35628792032528e-09,8,0.00196059583594474,2.77632609014784e-06,4.35628792032528e-09,-16.0230137956172
"lots",2,0.00559557504801083,8,0.00196059583594474,3.56614192617754,0.00559557504801083,-1.95714742255678
"lots",3,2.260040315807e-05,8,0.00196059583594474,0.0144035679191114,2.260040315807e-05,-7.46891107196131
"lunch",1,0.00392595839943312,7,0.00144017737970868,2.9368035651924,0.00392595839943312,-2.23141150609167
"lunch",2,7.87042906986803e-12,7,0.00144017737970868,5.88745518936721e-09,7.87042906986803e-12,-22.2591752620439
"lunch",3,1.28878242028723e-10,7,0.00144017737970868,9.6407053299478e-08,1.28878242028723e-10,-19.4634197442627
"machine",1,1.37336670220395e-18,8,0.00200379861046575,8.75220367593605e-16,1.37336670220395e-18,-37.9006612361694
"machine",2,0.00562672366797432,8,0.00200379861046575,3.58580352146968,0.00562672366797432,-1.95162268236559
"machine",3,4.74195239704052e-13,8,0.00200379861046575,3.02195568990346e-10,4.74195239704052e-13,-25.1485519943085
"machines",1,0.000158548283124174,7,0.00154612802919504,0.115597156034346,0.000158548283124174,-5.45354765523611
"machines",2,0.00472455432628475,7,0.00154612802919504,3.44466072345006,0.00472455432628475,-2.05907831455388
"machines",3,1.02506175734841e-13,7,0.00154612802919504,7.47369959321736e-11,1.02506175734841e-13,-26.612949616665
"mail",1,1.61048426985454e-18,11,0.00206423876738609,7.53628570830658e-16,1.61048426985454e-18,-37.8958143951415
"mail",2,9.62159831363908e-20,11,0.00206423876738609,4.50244160836752e-17,9.62159831363908e-20,-40.7135091078816
"mail",3,0.00561450959848165,11,0.00206423876738609,2.6273183313991,0.00561450959848165,-2.10821867611192
"management",1,0.00301354861108807,7,0.000691404292260241,2.24521545914309,0.00301354861108807,-2.49791773229194
"management",2,1.20259422316289e-05,7,0.000691404292260241,0.00895981279673673,1.20259422316289e-05,-8.02172516720821
"management",3,0.000821623399913736,7,0.000691404292260241,0.612142625571908,0.000821623399913736,-3.79750919707454
"manager",1,0.000656031948251536,69,0.0117022678100042,0.048954615528163,0.000656031948251536,-5.17308134619327
"manager",2,8.92207368284391e-06,69,0.0117022678100042,0.000665785695379116,8.92207368284391e-06,-9.47076244032564
"manager",3,0.0346147823610662,69,0.0117022678100042,2.58303481498634,0.0346147823610662,-1.20725472987891
"managers",1,5.32051067465007e-14,11,0.00275303031686003,2.46593754305953e-11,5.32051067465007e-14,-27.495242978717
"managers",2,0.00773572080494254,11,0.00275303031686003,3.5853333490002,0.00773572080494254,-1.7925275788692
"managers",3,7.43284372265941e-07,11,0.00275303031686003,0.000344495660439694,7.43284372265941e-07,-11.0428080972591
"manner",1,7.39296642363613e-14,6,0.00112594045511627,6.34250815898812e-11,7.39296642363613e-14,-26.8584119805196
"manner",2,1.36697600000167e-09,6,0.00112594045511627,1.17274392122659e-06,1.36697600000167e-09,-17.033414579576
"manner",3,0.00306245878891641,6,0.00112594045511627,2.62731747207286,0.00306245878891641,-2.41128690340721
"matter",1,0.00336510721684428,6,0.00123443765960667,2.93680357968618,0.00336510721684428,-2.3084868409627
"matter",2,1.37223264389208e-10,6,0.00123443765960667,1.19757781284714e-07,1.37223264389208e-10,-19.3236032364229
"matter",3,9.00219819369574e-15,6,0.00123443765960667,7.85641769390124e-12,9.00219819369574e-15,-28.9554989905837
"member",1,0.00482253301032933,9,0.00154352405029233,2.80364099654662,0.00482253301032933,-2.15176851989099
"member",2,4.86018794813699e-06,9,0.00154352405029233,0.00282553217430193,4.86018794813699e-06,-9.05174600009233
"member",3,0.000201353642224809,9,0.00154352405029233,0.117059504815479,0.000201353642224809,-5.32776033355615
"merchant",1,0.00668612901765039,12,0.00238394433774094,2.91723648582355,0.00668612901765039,-1.96854171764766
"merchant",2,1.09260753124069e-08,12,0.00238394433774094,4.76717476795122e-06,1.09260753124069e-08,-15.2929351972078
"merchant",3,4.01127776420704e-05,12,0.00238394433774094,0.0175016752109126,4.01127776420704e-05,-7.08463715313187
"minutes",1,0.0359400990095276,66,0.0116598843825808,2.84974275466412,0.0359400990095276,-1.13933645704453
"minutes",2,0.000424846992187783,66,0.0116598843825808,0.0336867362971656,0.000424846992187783,-5.57721628651381
"minutes",3,0.000670993145572178,66,0.0116598843825808,0.0532040230194328,0.000670993145572178,-5.12018645055752
"mistake",1,0.0012177280590015,13,0.000265900014503653,0.482650622921943,0.0012177280590015,-3.71961531907693
"mistake",2,0.0017420803698196,13,0.000265900014503653,0.690479429670825,0.0017420803698196,-3.36152218107778
"mistake",3,0.00426290293079796,13,0.000265900014503653,1.68961595308274,0.00426290293079796,-2.46665182760336
"money",1,0.0351306400753581,96,0.00754921321935029,1.90477756366918,0.0351306400753581,-1.35215817769749
"money",2,5.57607261159338e-12,96,0.00754921321935029,3.02333745732215e-10,5.57607261159338e-12,-23.9160130054093
"money",3,0.0170282596203504,96,0.00754921321935029,0.923269453776006,0.0170282596203504,-2.07635756947878
"month",1,2.23969223872302e-13,13,0.00243955490477839,8.86826261287778e-11,2.23969223872302e-13,-26.1366124320003
"month",2,2.15718124431326e-26,13,0.00243955490477839,8.54155291847234e-24,2.15718124431326e-26,-56.107754713939
"month",3,0.00663532952527449,13,0.00243955490477839,2.62731833131976,0.00663532952527449,-2.02469163381079
"months",1,0.00088405336849253,21,0.00280684629795038,0.216972796816229,0.00088405336849253,-4.27948820957242
"months",2,3.64196519515865e-06,21,0.00280684629795038,0.000893845781786209,3.64196519515865e-06,-9.77148221724467
"months",3,0.00991142199091146,21,0.00280684629795038,2.43255557462661,0.00991142199091146,-1.86256253444971
"morning",1,0.0041375934715939,9,0.000951257235070992,2.39953117049225,0.0041375934715939,-2.30618378728456
"morning",2,8.40674207489327e-05,9,0.000951257235070992,0.0487535563594755,8.40674207489327e-05,-6.20243429316326
"morning",3,0.000767211581489894,9,0.000951257235070992,0.444932088371281,0.000767211581489894,-3.99129077879145
"mortgage",1,1.10918403517212e-25,34,0.00824363060364728,1.6633444048899e-23,1.10918403517212e-25,-54.95581477242
"mortgage",2,0.0237028230678911,34,0.00824363060364728,3.55450104580291,0.0237028230678911,-1.23697321026973
"mortgage",3,0.000152941845810394,34,0.00824363060364728,0.0229353250168964,0.000152941845810394,-6.28026489069141
"name",1,0.000122155870275776,27,0.00476342304101219,0.0232916544045401,0.000122155870275776,-6.38493643306163
"name",2,1.47319528240388e-05,27,0.00476342304101219,0.00280896491594595,1.47319528240388e-05,-8.50021549123801
"name",3,0.0136592085825673,27,0.00476342304101219,2.6044230623256,0.0136592085825673,-1.66806509294572
"need",1,0.00160868909478812,8,0.000378417083091349,1.0412213869497,0.00160868909478812,-3.19597061194345
"need",2,0.000111055573741611,8,0.000378417083091349,0.0718805385666927,0.000111055573741611,-5.86911477105897
"need",3,0.00253867886507973,8,0.000378417083091349,1.64315574555839,0.00253867886507973,-2.73974641858086
"needs",1,0.00015631907289279,14,0.00319361679961397,0.0569582491386896,0.00015631907289279,-5.81452402565165
"needs",2,0.00959446482442836,14,0.00319361679961397,3.49595163091189,0.00959446482442836,-1.69748165271881
"needs",3,4.08335490907872e-05,14,0.00319361679961397,0.0148785904323083,4.08335490907872e-05,-7.15691925794068
"neighborhood",1,0.00124234630611023,6,0.000685212642343313,1.06600972987998,0.00124234630611023,-3.31341552588554
"neighborhood",2,0.00266206732433808,6,0.000685212642343313,2.28421789913397,0.00266206732433808,-2.55131428938851
"neighborhood",3,1.89004781553723e-14,6,0.000685212642343313,1.62177756024359e-11,1.89004781553723e-14,-28.2222511948844
"never",1,0.00336502813349741,6,0.00123405948463086,2.93673269260477,0.00336502813349741,-2.30851066048826
"never",2,9.93119333278401e-08,6,0.00123405948463086,8.66716680512644e-05,9.93119333278401e-08,-12.7391918038069
"never",3,3.4569563605778e-13,6,0.00123405948463086,3.01696044082261e-10,3.4569563605778e-13,-25.3074093767489
"night",1,0.00516173619989935,11,0.00130998813428158,2.4463207964052,0.00516173619989935,-2.18594855156792
"night",2,0.00126362388546418,11,0.00130998813428158,0.59887395832155,0.00126362388546418,-3.59323785483881
"night",3,6.53288743452515e-14,11,0.00130998813428158,3.09615559043191e-11,6.53288743452515e-14,-27.2788085448286
"none",1,0.00380683159999945,7,0.00121964386738495,2.84561265459339,0.00380683159999945,-2.26258982407471
"none",2,0.000103541340878652,7,0.00121964386738495,0.0773973164134451,0.000103541340878652,-5.86717138343925
"none",3,3.32736993341521e-05,7,0.00121964386738495,0.0248721429890444,3.32736993341521e-05,-7.00237507003637
"nothing",1,0.00120564328762987,26,0.00339556450477413,0.239028039148433,0.00120564328762987,-4.07595821057488
"nothing",2,2.87818708184803e-10,26,0.00339556450477413,5.70622688763054e-08,2.87818708184803e-10,-19.3239065242156
"nothing",3,0.0121734474545777,26,0.00339556450477413,2.41347943010943,0.0121734474545777,-1.76371434202028
"number",1,0.000164809964117561,27,0.00473315991452398,0.0314263163058976,0.000164809964117561,-6.08541355930051
"number",2,6.93911503327622e-21,27,0.00473315991452398,1.32316528971024e-18,6.93911503327622e-21,-43.7918087821685
"number",3,0.0136310815585794,27,0.00473315991452398,2.59920377354029,0.0136310815585794,-1.67009876395767
"october",1,1.03178625293005e-66,28,0.00701329514798143,1.87867906160259e-64,1.03178625293005e-66,-149.337100829898
"october",2,0.0196935328401972,28,0.00701329514798143,3.58580352188212,0.0196935328401972,-1.32524119800233
"october",3,2.67479050047402e-59,28,0.00701329514798143,4.87026541897017e-57,2.67479050047402e-59,-132.266425645592
"office",1,0.00412909605778083,14,0.000784807501107759,1.53171941121195,0.00412909605778083,-2.53165293278982
"office",2,8.04996255619423e-05,14,0.000784807501107759,0.0298619449252507,8.04996255619423e-05,-6.46921418957159
"office",3,0.00332958370879724,14,0.000784807501107759,1.23513425860109,0.00332958370879724,-2.74686415979426
"one",1,5.46620646306068e-08,30,0.00460885561053983,9.30801203825937e-06,5.46620646306068e-08,-14.1533654520608
"one",2,0.0166777550196446,30,0.00460885561053983,2.83993562158776,0.0166777550196446,-1.52494904939849
"one",3,0.0032093021054527,30,0.00460885561053983,0.546489102338785,0.0032093021054527,-3.17297134524967
"ones",1,1.59446395402781e-05,7,0.00172128529907483,0.0116140704666167,1.59446395402781e-05,-7.75096290443255
"ones",2,0.00490292961143117,7,0.00172128529907483,3.57129239931565,0.00490292961143117,-2.02249741287312
"ones",3,3.32427140252826e-07,7,0.00172128529907483,0.000242139825247177,3.32427140252826e-07,-11.621420168154
"opinion",1,0.00264552285652652,7,0.000574820708719202,1.96789646070468,0.00264552285652652,-2.62896068503313
"opinion",2,3.21905152105607e-13,7,0.000574820708719202,2.39452102236968e-10,3.21905152105607e-13,-25.4585935805868
"opinion",3,0.00116527718857699,7,0.000574820708719202,0.866802133076773,0.00116527718857699,-3.44887041930774
"options",1,7.02664081429368e-08,7,0.00103487815489546,5.12884991721452e-05,7.02664081429368e-08,-13.1745080033666
"options",2,0.00379918197134324,7,0.00103487815489546,2.77307957730942,0.00379918197134324,-2.27650552135528
"options",3,0.00081576216724138,7,0.00103487815489546,0.59543697116433,0.00081576216724138,-3.81492372242966
"order",1,0.00225696699695805,11,0.000722216529165817,1.06274824661915,0.00225696699695805,-3.01643758268859
"order",2,8.14754636742669e-07,11,0.000722216529165817,0.000383647196786719,8.14754636742669e-07,-10.943083007153
"order",3,0.00355993610443294,11,0.000722216529165817,1.67628319694594,0.00355993610443294,-2.56071686138087
"organization",1,9.1703693247261e-22,7,0.00131360648833662,6.74345306590607e-19,9.1703693247261e-22,-45.1407195669623
"organization",2,6.65657429274868e-22,7,0.00131360648833662,4.89492786313798e-19,6.65657429274868e-22,-45.4610921459839
"organization",3,0.00357286974448832,7,0.00131360648833662,2.6273183313991,0.00357286974448832,-2.33421123798344
"others",1,0.00448678119229651,8,0.00164578177901086,2.93678458585804,0.00448678119229651,-2.16465220670953
"others",2,1.26382619718838e-08,8,0.00164578177901086,8.27226721347352e-06,1.26382619718838e-08,-14.9445694486284
"others",3,1.68345169753837e-08,8,0.00164578177901086,1.10188903458355e-05,1.68345169753837e-08,-14.6578669651579
"outside",1,2.95815681915316e-19,8,0.00200379861370897,1.88517683915086e-16,2.95815681915316e-19,-39.4359451231353
"outside",2,0.00562672366862776,8,0.00200379861370897,3.58580352188212,0.00562672366862776,-1.95162268225002
"outside",3,3.05986779714612e-28,8,0.00200379861370897,1.94999530271514e-25,3.05986779714612e-28,-60.1254056267459
"paperwork",1,1.67066604607889e-24,14,0.002627212976628,6.14264140930458e-22,1.67066604607889e-24,-51.7952185271078
"paperwork",2,4.11764135479222e-15,14,0.002627212976628,1.51395872047413e-12,4.11764135479222e-15,-30.1698945543384
"paperwork",3,0.00714573948897366,14,0.002627212976628,2.62731833139799,0.00714573948897366,-1.98763764770389
"parking",1,3.03334602744883e-08,42,0.0105198155707057,3.68208295448678e-06,3.03334602744883e-08,-14.9115231899523
"parking",2,0.0295402612203503,42,0.0105198155707057,3.58579902610117,0.0295402612203503,-1.12250991470045
"parking",3,2.16460212450324e-21,42,0.0105198155707057,2.62754216424908e-19,2.16460212450324e-21,-45.1825591402396
"part",1,0.00489307196849896,12,0.00110359359936926,2.12512661498753,0.00489307196849896,-2.28305178709879
"part",2,1.91538314965879e-06,12,0.00110359359936926,0.000831876525717075,1.91538314965879e-06,-10.1287097059701
"part",3,0.00167052566170354,12,0.00110359359936926,0.725531643017074,0.00167052566170354,-3.35773376337154
"past",1,4.01424140263106e-09,7,0.00131358144193247,2.9518820869774e-06,4.01424140263106e-09,-16.0332425218365
"past",2,4.32695462790375e-10,7,0.00131358144193247,3.18183651060483e-07,4.32695462790375e-10,-18.260812028185
"past",3,0.00357286577727111,7,0.00131358144193247,2.62731545745818,0.00357286577727111,-2.33421234010471
"payment",1,5.75050979912387e-14,18,0.00337784512478303,1.64447545332946e-11,5.75050979912387e-14,-27.6589586766222
"payment",2,1.6447315202975e-11,18,0.00337784512478303,4.7034449238893e-09,1.6447315202975e-11,-22.0029147478847
"payment",3,0.00918737933098192,18,0.00337784512478303,2.62731832793817,0.00918737933098192,-1.86198043487408
"people",1,0.0435139223410926,99,0.0105002375567633,2.29298615233957,0.0435139223410926,-1.15240968675992
"people",2,1.04479872466084e-06,99,0.0105002375567633,5.50561493595107e-05,1.04479872466084e-06,-11.7894216475632
"people",3,0.0109294160223004,99,0.0105002375567633,0.575930604367203,0.0109294160223004,-2.53403275558918
"person",1,0.00102497075019928,29,0.00212256046515523,0.181110107536364,0.00102497075019928,-4.29587065346652
"person",2,0.0118372418253669,29,0.00212256046515523,2.09161494560631,0.0118372418253669,-1.84928408087951
"person",3,0.00527888536759068,29,0.00212256046515523,0.932767590109863,0.00527888536759068,-2.6568197584493
"personnel",1,0.00336510731890751,6,0.00123443844137112,2.9368036712314,0.00336510731890751,-2.30848681021191
"personnel",2,4.72666572935031e-13,6,0.00123443844137112,4.12506584519458e-10,4.72666572935031e-13,-24.9945775613002
"personnel",3,6.36412238028833e-12,6,0.00123443844137112,5.55411052288952e-09,6.36412238028833e-12,-22.3945361620582
"phone",1,6.24628285830146e-15,21,0.00394081946494074,1.5310730244258e-12,6.24628285830146e-15,-29.955921076973
"phone",2,3.21669172169371e-22,21,0.00394081946494074,7.88467322838831e-20,3.21669172169371e-22,-46.7376498562982
"phone",3,0.0107186092334593,21,0.00394081946494074,2.62731833139773,0.0107186092334593,-1.78490509364992
"place",1,5.82167342574404e-05,36,0.00623837599334108,0.00825641650484804,5.82167342574404e-05,-7.27405116856425
"place",2,0.0216382821659732,36,0.00623837599334108,3.06878550111848,0.0216382821659732,-1.35600466470859
"place",3,0.00261900585773943,36,0.00623837599334108,0.371432775574661,0.00261900585773943,-3.46767393103203
"places",1,0.00336510688191725,6,0.00123443538091348,2.93680327947099,0.00336510688191725,-2.30848694183997
"places",2,5.57253492570022e-10,6,0.00123443538091348,4.86327460583924e-07,5.57253492570022e-10,-17.9221922644505
"places",3,2.87485177214036e-16,6,0.00123443538091348,2.50894679089793e-13,2.87485177214036e-16,-32.3995517607794
"plenty",1,9.12486094024588e-12,14,0.00350568538483564,3.32291535707522e-09,9.12486094024588e-12,-22.4712208878699
"plenty",2,0.00984636174128394,14,0.00350568538483564,3.58565756296869,0.00984636174128394,-1.67185569026645
"plenty",3,2.93664690854595e-07,14,0.00350568538483564,0.000106941126825017,2.93664690854595e-07,-12.092029659647
"point",1,0.00453602856499855,11,0.0009563132210054,2.1493162969898,0.00453602856499855,-2.31527681250597
"point",2,5.38068059911739e-05,11,0.0009563132210054,0.0254953961044634,5.38068059911739e-05,-6.74968399071324
"point",3,0.00144739040589362,11,0.0009563132210054,0.685820149259762,0.00144739040589362,-3.45756646139263
"policy",1,3.38885137076727e-09,6,0.00112592956378231,2.90733335870784e-06,3.38885137076727e-09,-16.1255245350679
"policy",2,3.39732003741185e-26,6,0.00112592956378231,2.91459872220296e-23,3.39732003741185e-26,-55.266975254742
"policy",3,0.00306245669692163,6,0.00112592956378231,2.62731573044545,0.00306245669692163,-2.41128757640814
"problem",1,0.00769886579510229,26,0.00169947992078638,1.53799820556836,0.00769886579510229,-2.21810027797864
"problem",2,1.09564609117376e-12,26,0.00169947992078638,2.18876619882793e-10,1.09564609117376e-12,-24.8910949067314
"problem",3,0.00626420589111116,26,0.00169947992078638,1.25139698187345,0.00626420589111116,-2.42432146955164
"problems",1,0.00620126208264045,16,0.00136295207100541,2.01872486542829,0.00620126208264045,-2.19026819429064
"problems",2,8.46934279438092e-11,16,0.00136295207100541,2.75706342757454e-08,8.46934279438092e-11,-20.2992488578037
"problems",3,0.00252301997282056,16,0.00136295207100541,0.821330091718425,0.00252301997282056,-3.08956444141615
"process",1,0.00312135509750603,20,0.00150930247639462,0.807165442833772,0.00312135509750603,-2.99185733367292
"process",2,2.0186774415033e-12,20,0.00150930247639462,5.22019001398288e-10,2.0186774415033e-12,-24.1509478392187
"process",3,0.00736756938021975,20,0.00150930247639462,1.90521334985089,0.00736756938021975,-2.13303671467628
"products",1,0.00154951432000713,6,0.000315827624870528,1.33969429801151,0.00154951432000713,-3.08868614348006
"products",2,3.92931937138648e-05,6,0.000315827624870528,0.0339724950517942,3.92931937138648e-05,-6.76333164642655
"products",3,0.00162378924303246,6,0.000315827624870528,1.40391163990856,0.00162378924303246,-3.04186522651855
"promise",1,1.90851080389703e-66,8,0.00200379861370898,1.21625748218644e-63,1.90851080389703e-66,-148.09568761788
"promise",2,0.00562672366862776,8,0.00200379861370898,3.58580352188212,0.00562672366862776,-1.95162268225002
"promise",3,1.33639587968477e-58,8,0.00200379861370898,8.51659568555118e-56,1.33639587968477e-58,-130.031353779701
"protection",1,7.19036202478675e-31,8,0.00150126455809899,4.62651870753987e-28,7.19036202478675e-31,-66.173987139385
"protection",2,2.07418218417048e-47,8,0.00150126455809899,1.33459798614176e-44,2.07418218417048e-47,-104.258523201024
"protection",3,0.00408327970798665,8,0.00150126455809899,2.6273183313991,0.00408327970798665,-2.26744554167118
"question",1,4.11176669385e-05,6,0.000533219774760835,0.0352283616814123,4.11176669385e-05,-6.72248823376115
"question",2,0.000673112916038581,6,0.000533219774760835,0.576702595847778,0.000673112916038581,-3.92701301970377
"question",3,0.00253656609559617,6,0.000533219774760835,2.1732523875473,0.00253656609559617,-2.60035960095955
"questions",1,3.09903744682431e-07,15,0.00358511883788951,0.000105344667917842,3.09903744682431e-07,-12.0726385603634
"questions",2,0.0104082633718781,15,0.00358511883788951,3.53805033764763,0.0104082633718781,-1.65078970499457
"questions",3,0.000102652952452451,15,0.00358511883788951,0.0348945160310046,0.000102652952452451,-6.26979112424634
"reason",1,9.40539205331514e-11,24,0.0027596947023659,2.00479887706562e-08,9.40539205331514e-11,-20.4061449371699
"reason",2,0.0108571263660375,24,0.0027596947023659,2.31424215209822,0.0108571263660375,-1.84192566841572
"reason",3,0.00437088738046359,24,0.0027596947023659,0.931673029945104,0.00437088738046359,-2.75178129034378
"receipt",1,0.00615889448468804,11,0.00223850941712735,2.9317341384889,0.00615889448468804,-2.00713194011173
"receipt",2,3.12688679097238e-08,11,0.00223850941712735,1.48844906745436e-05,3.12688679097238e-08,-14.197916825648
"receipt",3,9.50470986946648e-06,11,0.00223850941712735,0.0045243967841996,9.50470986946648e-06,-8.48099706227816
"rent",1,3.49600084486976e-10,9,0.00225427160621436,1.9803862825691e-07,3.49600084486976e-10,-18.6045174817765
"rent",2,0.00633006366929794,9,0.00225427160621436,3.58580326914471,0.00633006366929794,-1.89273123583254
"rent",3,1.41431984069272e-11,9,0.00225427160621436,8.01172464183861e-09,1.41431984069272e-11,-21.8120735366545
"result",1,1.75337145397935e-11,7,0.00126413232993362,1.28928855690965e-08,1.75337145397935e-11,-21.466742863631
"result",2,2.2682561174619e-05,7,0.00126413232993362,0.0166789338890331,2.2682561174619e-05,-7.39376147926488
"result",3,0.00355640912957128,7,0.00126413232993362,2.61509766458151,0.00355640912957128,-2.33885123499328
"review",1,0.0119554326735066,24,0.0033512667804303,2.6034010328148,0.0119554326735066,-1.73487540355698
"review",2,1.08240819147126e-05,24,0.0033512667804303,0.00235703941510045,1.08240819147126e-05,-8.74204301592151
"review",3,0.00136178682828123,24,0.0033512667804303,0.296541106628228,0.00136178682828123,-3.90726351392316
"right",1,0.00625934604328708,12,0.00190933133283091,2.72803988173387,0.00625934604328708,-2.0350481029887
"right",2,2.70257008199386e-17,12,0.00190933133283091,1.17787368135159e-14,2.70257008199386e-17,-35.1111119161542
"right",3,0.000428520114872125,12,0.00190933133283091,0.186763913580089,0.000428520114872125,-4.71654141623586
"robert",1,1.41066249654931e-66,12,0.00300569792056347,5.99325509978605e-64,1.41066249654931e-66,-148.600683976306
"robert",2,0.00844008550294165,12,0.00300569792056347,3.58580352188212,0.00844008550294165,-1.74889012819593
"robert",3,2.78906902637021e-59,12,0.00300569792056347,1.18494694562572e-56,2.78906902637021e-59,-131.800939917255
"savings",1,8.48348680810984e-06,32,0.00597772213587607,0.00136465052615413,8.48348680810984e-06,-9.13712296019546
"savings",2,9.44055311178202e-11,32,0.00597772213587607,1.5186038550639e-08,9.44055311178202e-11,-20.543155399869
"savings",3,0.0163253982556989,32,0.00597772213587607,2.62609747893024,0.0163253982556989,-1.57476715639379
"security",1,9.59715153428523e-05,8,0.00186141067852137,0.0611953315397467,9.59715153428523e-05,-6.02257175005374
"security",2,0.00550636973622243,8,0.00186141067852137,3.5110847253456,0.00550636973622243,-1.97296234735478
"security",3,4.34154179751367e-13,8,0.00186141067852137,2.76834317707065e-10,4.34154179751367e-13,-25.2364892953643
"service",1,0.0103341165593219,154,0.0159296074774972,0.346091006667505,0.0103341165593219,-2.81667904171646
"service",2,0.000995881555368594,154,0.0159296074774972,0.033352212358028,0.000995881555368594,-5.1562566995063
"service",3,0.0684757316280032,154,0.0159296074774972,2.29326181443657,0.0684757316280032,-0.925650351032197
"services",1,0.0078943597287471,24,0.00160368822793963,1.71014744867085,0.0078943597287471,-2.15251356939758
"services",2,3.97905410970939e-05,24,0.00160368822793963,0.0086197861101558,3.97905410970939e-05,-7.44278817130906
"services",3,0.0050365984049978,24,0.00160368822793963,1.09107340028115,0.0050365984049978,-2.60193118091526
"setup",1,1.00472374957821e-14,10,0.00114608375651705,5.13995382830872e-12,1.00472374957821e-14,-29.1127278467768
"setup",2,0.00451131063459292,10,0.00114608375651705,2.30789093785234,0.00451131063459292,-2.2824167338898
"setup",3,0.00183026849352945,10,0.00114608375651705,0.936326582714787,0.00183026849352945,-3.18454177765946
"shopping",1,0.00179603848107889,13,0.00183942296613529,0.708962973037969,0.00179603848107889,-3.33306193068045
"shopping",2,0.00689108794119789,13,0.00183942296613529,2.72016788377663,0.00689108794119789,-1.98841635228086
"shopping",3,1.25284920539098e-18,13,0.00183942296613529,4.94546028261423e-16,1.25284920539098e-18,-38.2320013994152
"side",1,0.00337534760977455,20,0.00166819460814409,0.867915771097699,0.00337534760977455,-2.91645878570435
"side",2,0.0087986209101051,20,0.00166819460814409,2.26242234419828,0.0087986209101051,-1.95836210577159
"side",3,0.000751313623268796,20,0.00166819460814409,0.193188085513687,0.000751313623268796,-4.41888920705737
"sign",1,6.27605691465505e-06,6,0.00109985893289456,0.00533917630108749,6.27605691465505e-06,-8.60572627157792
"sign",2,0.00370804392137823,6,0.00109985893289456,3.15451253830804,0.00370804392137823,-2.22420840337946
"sign",3,0.000365842880893719,6,0.00109985893289456,0.311230389741722,0.000365842880893719,-4.54026422097132
"situation",1,3.83847754775863e-08,19,0.00183141020005663,1.03451775669085e-05,3.83847754775863e-08,-14.2772975051527
"situation",2,0.00722529872503922,19,0.00183141020005663,1.94730846681999,0.00722529872503922,-2.13185927705849
"situation",3,0.0044543983099488,19,0.00183141020005663,1.20051611340193,0.0044543983099488,-2.61555586392225
"smile",1,0.0011439987152611,8,0.00111357343708516,0.733983626390563,0.0011439987152611,-3.54124703351746
"smile",2,0.00419208187828339,8,0.00111357343708516,2.68961793234738,0.00419208187828339,-2.24257932458967
"smile",3,2.44209628632194e-11,8,0.00111357343708516,1.56683627727712e-08,2.44209628632194e-11,-21.2036007432038
"someone",1,0.000115934200879469,23,0.00463237514587052,0.0257201048945963,0.000115934200879469,-6.36148503144329
"someone",2,0.0149990393125656,23,0.00463237514587052,3.32755012335344,0.0149990393125656,-1.49876639560965
"someone",3,0.000749208623130296,23,0.00463237514587052,0.166212594977741,0.000749208623130296,-4.49549034752616
"something",1,0.00486916591942095,23,0.00149853215531949,1.09675932520963,0.00486916591942095,-2.616236431028
"something",2,3.66531430344178e-12,23,0.00149853215531949,8.25596767218412e-10,3.66531430344178e-12,-23.6235108315249
"something",3,0.00730818125115941,23,0.00149853215531949,1.64613736113647,0.00730818125115941,-2.21016464438737
"sort",1,0.00392595852368227,7,0.00144017809219545,2.93680365978737,0.00392595852368227,-2.23141147416252
"sort",2,5.00072554516573e-23,7,0.00144017809219545,3.74078049832792e-20,5.00072554516573e-23,-48.0411408543788
"sort",3,2.15152058378295e-11,7,0.00144017809219545,1.60943970407391e-08,2.15152058378295e-11,-21.2535279089617
"space",1,2.2315010280576e-08,6,0.00150276561979959,1.89612430868833e-05,2.2315010280576e-08,-14.2455598888976
"space",2,0.00422001476713384,6,0.00150276561979959,3.58578037042233,0.00422001476713384,-2.09547026235433
"space",3,1.08251772673435e-24,6,0.00150276561979959,9.19823988624235e-22,1.08251772673435e-24,-51.8103062860954
"spaces",1,1.3566053873815e-13,6,0.0015028489593206,1.15271826907122e-10,1.3566053873815e-13,-26.2561743663328
"spaces",2,0.00422004275130068,6,0.0015028489593206,3.58580352174136,0.00422004275130068,-2.09546371851569
"spaces",3,8.87089359861365e-18,6,0.0015028489593206,7.53766807151364e-15,8.87089359861365e-18,-35.8913098368909
"spot",1,1.08301756319622e-12,7,0.00175332377990389,7.88784465217075e-10,1.08301756319622e-12,-24.2558989689508
"spot",2,0.00492338320869113,7,0.00175332377990389,3.58580352091902,0.00492338320869113,-2.0183883788345
"spot",3,2.16282361623022e-22,7,0.00175332377990389,1.57522992005063e-19,2.16282361623022e-22,-46.5900864861983
"staff",1,0.0274811878235539,49,0.010078696229511,2.93674639595076,0.0274811878235539,-1.25847564352231
"staff",2,6.39282371523529e-07,49,0.010078696229511,6.83161955233049e-05,6.39282371523529e-07,-11.9271416401885
"staff",3,1.11365289909016e-08,49,0.010078696229511,1.19009271314685e-06,1.11365289909016e-08,-15.9772572876879
"star",1,0.0001538654586094,9,0.00121015585034829,0.0873928525014433,0.0001538654586094,-5.60838688080957
"star",2,0.00490886863738416,9,0.00121015585034829,2.78815035325716,0.00490886863738416,-2.14566668182605
"star",3,0.000891325799561492,9,0.00121015585034829,0.506257251210309,0.000891325799561492,-3.85175543927071
"stars",1,0.00955432510031418,22,0.00226974886024818,2.26524330924401,0.00955432510031418,-1.91653958123124
"stars",2,3.85098347546053e-06,22,0.00226974886024818,0.000913033046312121,3.85098347546053e-06,-9.73296023841758
"stars",3,0.00253118647863286,22,0.00226974886024818,0.600121219968061,0.00253118647863286,-3.24484536658863
"state",1,4.11999454221376e-12,8,0.00150126452419921,2.65094188013105e-09,4.11999454221376e-12,-22.9817600554531
"state",2,2.79725149534638e-20,8,0.00150126452419921,1.79984489355379e-17,2.79725149534638e-20,-41.7896553117777
"state",3,0.0040832797042372,8,0.00150126452419921,2.62731832902752,0.0040832797042372,-2.26744554258164
"stop",1,1.9727243846198e-06,7,0.00174833684306548,0.00143679569089799,1.9727243846198e-06,-9.84071744687618
"stop",2,0.00492090929750126,7,0.00174833684306548,3.58404921086445,0.00492090929750126,-2.01888436163037
"stop",3,9.88793945454488e-21,7,0.00174833684306548,7.20168965868406e-18,9.88793945454488e-21,-42.7675935879441
"store",1,0.00504756245118632,9,0.00185117793180095,2.936744795908,0.00504756245118632,-2.10577403974756
"store",2,1.2315529801449e-07,9,0.00185117793180095,7.16535325774024e-05,1.2315529801449e-07,-12.7267438970715
"store",3,3.02937323201384e-10,9,0.00185117793180095,1.76253313555114e-07,3.02937323201384e-10,-18.7344193905277
"story",1,0.0025042429873734,8,0.00054003237515083,1.62672196790756,0.0025042429873734,-2.75160093174146
"story",2,1.03710491021609e-18,8,0.00054003237515083,6.73689154359107e-16,1.03710491021609e-18,-38.1719307237017
"story",3,0.00180426073858547,8,0.00054003237515083,1.17202308006402,0.00180426073858547,-3.0794364751767
"street",1,0.00431024201729988,10,0.0010467568978766,2.24292378467881,0.00431024201729988,-2.31949047408278
"street",2,0.001628107274503,10,0.0010467568978766,0.847219370822931,0.001628107274503,-3.29306637028888
"street",3,1.53249451195609e-13,10,0.0010467568978766,7.97465287786629e-11,1.53249451195609e-13,-26.3794386513517
"strip",1,3.1791028830273e-11,7,0.00175332360879299,2.31540748108962e-08,3.1791028830273e-11,-20.8764660161767
"strip",2,0.00492338317018147,7,0.00175332360879299,3.58580349361126,0.00492338317018147,-2.01838838655315
"strip",3,5.1242280086461e-22,7,0.00175332360879299,3.73208301290647e-19,5.1242280086461e-22,-45.7275212026276
"stuff",1,0.00180222858711876,6,0.000394982169649354,1.56033391589946,0.00180222858711876,-2.936915714467
"stuff",2,1.15170727523593e-08,6,0.000394982169649354,9.971254121608e-06,1.15170727523593e-08,-14.8976197538488
"stuff",3,0.00142230980828781,6,0.000394982169649354,1.23140774075496,0.00142230980828781,-3.17365754185983
"support",1,6.98487157181767e-21,6,0.00112594841857425,5.99239906333482e-18,6.98487157181767e-21,-43.033290088579
"support",2,6.50301510975713e-28,6,0.00112594841857425,5.57900904145329e-25,6.50301510975713e-28,-59.2228664134049
"support",3,0.00306245978098999,6,0.00112594841857425,2.6273183313991,0.00306245978098999,-2.41128657789707
"surprise",1,5.84706036297252e-14,8,0.00200379861280835,3.72621988869195e-11,5.84706036297252e-14,-27.2416470034216
"surprise",2,0.00562672366846731,8,0.00200379861280835,3.58580352178162,0.00562672366846731,-1.95162268227829
"surprise",3,6.32314340000222e-14,8,0.00200379861280835,4.02961851486024e-11,6.32314340000222e-14,-27.1633695783853
"system",1,5.39836621282924e-05,9,0.00157928576307316,0.0308810613548533,5.39836621282924e-05,-6.65222064723739
"system",2,6.43991674606652e-17,9,0.00157928576307316,3.68391947331784e-14,6.43991674606652e-17,-34.1068225053747
"system",3,0.00454456113617569,9,0.00157928576307316,2.59969156860093,0.00454456113617569,-2.21921565259137
"teller",1,0.0473135612282097,101,0.0099088703961574,2.4446467468895,0.0473135612282097,-1.07852884258023
"teller",2,0.0040416682475188,101,0.0099088703961574,0.208829157578027,0.0040416682475188,-3.53866826441904
"teller",3,0.00556006879165081,101,0.0099088703961574,0.287283470767083,0.00556006879165081,-3.21971532292806
"tellers",1,0.0314737387691494,79,0.00767785590732325,2.06992544343923,0.0314737387691494,-1.36554459088254
"tellers",2,0.0160939743784267,79,0.00767785590732325,1.05844835582795,0.0160939743784267,-2.03625315940587
"tellers",3,6.07081956318844e-12,79,0.00767785590732325,3.99258059823823e-10,6.07081956318844e-12,-23.7344703214752
"thanks",1,0.000123028896471418,13,0.000890595739077811,0.0485426801540255,0.000123028896471418,-6.01420158218026
"thanks",2,0.00362149152243106,13,0.000890595739077811,1.42890743309826,0.00362149152243106,-2.63197959788997
"thanks",3,0.00389527074023033,13,0.000890595739077811,1.53693064864858,0.00389527074023033,-2.55910237504669
"theft",1,2.46405075442224e-26,6,0.00112594841857425,2.11393656719258e-23,2.46405075442224e-26,-55.588155515962
"theft",2,1.1862099638817e-24,6,0.00112594841857425,1.01766273057378e-21,1.1862099638817e-24,-51.7140286535986
"theft",3,0.00306245978098999,6,0.00112594841857425,2.6273183313991,0.00306245978098999,-2.41128657789707
"things",1,0.000693460069698241,14,0.00179240006946337,0.255351492669193,0.000693460069698241,-4.31946558906592
"things",2,6.39438415808425e-14,14,0.00179240006946337,2.35459201014642e-11,6.39438415808425e-14,-27.4264198633155
"things",3,0.00651464711437509,14,0.00179240006946337,2.39887621156416,0.00651464711437509,-2.07935092623039
"thru",1,7.02172708959566e-12,42,0.0105199426761465,8.52345248973386e-10,7.02172708959566e-12,-23.2825206766853
"thru",2,0.0295402992514901,42,0.0105199426761465,3.58580352084141,0.0295402992514901,-1.12250864424241
"thru",3,1.67895457310519e-22,42,0.0105199426761465,2.03802986839062e-20,1.67895457310519e-22,-47.7392094967571
"time",1,0.0286549290523204,119,0.000428218443903476,1.24650754785178,0.0286549290523204,-1.66604206385449
"time",2,0.0144198829668617,119,0.000428218443903476,0.627274034582785,0.0144198829668617,-2.35275952013356
"time",3,0.0241965711905864,119,0.000428218443903476,1.05256615942507,0.0241965711905864,-1.83515659914364
"times",1,0.0241201468653988,45,0.0075215564503795,2.80432632443914,0.0241201468653988,-1.34677223880294
"times",2,0.000253105321905732,45,0.0075215564503795,0.0294272634837934,0.000253105321905732,-5.9037692843529
"times",3,0.000833917317546775,45,0.0075215564503795,0.0969553087322557,0.000833917317546775,-4.71144072076049
"today",1,0.00890412550790632,33,0.00318716096106636,1.393322103231,0.00890412550790632,-2.1947748357387
"today",2,0.0119983464578185,33,0.00318716096106636,1.87750737644677,0.0119983464578185,-1.89652070017783
"today",3,3.30850742782744e-05,33,0.00318716096106636,0.00517716930629818,3.30850742782744e-05,-7.78996257173602
"ton",1,0.00336504271931575,6,0.00123419732706391,2.9367463204561,0.00336504271931575,-2.30850617299256
"ton",2,3.31268438011844e-18,6,0.00123419732706391,2.89105205360466e-15,3.31268438011844e-18,-36.862964374424
"ton",3,5.87964075592321e-08,6,0.00123419732706391,5.13129098077907e-05,5.87964075592321e-08,-13.2633766320566
"town",1,0.00560836581762677,10,0.00205670334101169,2.93672494545338,0.00560836581762677,-2.05310045184447
"town",2,1.83583199096754e-07,10,0.00205670334101169,9.61302058184411e-05,1.83583199096754e-07,-12.3802024229904
"town",3,1.47868897869613e-12,10,0.00205670334101169,7.74290221343208e-10,1.47868897869613e-12,-24.1094697977885
"traffic",1,1.64799214783152e-05,14,0.00347155255161625,0.00600166885754598,1.64799214783152e-05,-8.06454275183198
"traffic",2,0.00982609962808221,14,0.00347155255161625,3.57847555321204,0.00982609962808221,-1.67388815972859
"traffic",3,9.83375262499533e-15,14,0.00347155255161625,3.58126262676096e-12,9.83375262499533e-15,-29.3041307349844
"transaction",1,0.0137367760088176,32,0.00242130227110969,2.2376614305586,0.0137367760088176,-1.74112367307803
"transaction",2,0.00112503920351699,32,0.00242130227110969,0.183264022938162,0.00112503920351699,-4.24338240698419
"transaction",3,0.00301535256839421,32,0.00242130227110969,0.491187898637968,0.00301535256839421,-3.25748352815411
"transactions",1,0.0143005803420653,27,0.00433891903214946,2.76925836773343,0.0143005803420653,-1.61443780605384
"transactions",2,0.0010555047782643,27,0.00433891903214946,0.204394882548445,0.0010555047782643,-4.22071881054647
"transactions",3,6.65985616102688e-07,27,0.00433891903214946,0.000128965831880087,6.65985616102688e-07,-11.588980410958
"transfer",1,0.00948757243479589,17,0.00340310276770016,2.922109934339,0.00948757243479589,-1.79273328296529
"transfer",2,7.48293644526645e-24,17,0.00340310276770016,2.30469522894461e-21,7.48293644526645e-24,-50.3843777254476
"transfer",3,4.26804300808031e-05,17,0.00340310276770016,0.0131452918644999,4.26804300808031e-05,-7.19673083614855
"trip",1,3.19223308187753e-05,6,0.000482132344816155,0.0272645073552532,3.19223308187753e-05,-6.97718714346889
"trip",2,0.00202659112360218,6,0.000482132344816155,1.73088891626437,0.00202659112360218,-2.82638252296395
"trip",3,0.00156272339218167,6,0.000482132344816155,1.33470465118116,0.00156272339218167,-3.0863075916355
"trust",1,1.22580551701479e-17,6,0.00112594841857409,1.05163219630659e-14,1.22580551701479e-17,-35.5630981300547
"trust",2,2.45614029126425e-27,6,0.00112594841857409,2.1071500928056e-24,2.45614029126425e-27,-57.893956122297
"trust",3,0.00306245978098998,6,0.00112594841857409,2.62731833139909,0.00306245978098998,-2.41128657789708
"union",1,6.73244601713635e-12,12,0.0010337419126379,2.87529988674651e-09,6.73244601713635e-12,-22.6955957241048
"union",2,0.00383721638073146,12,0.0010337419126379,1.63880227139674,0.00383721638073146,-2.53452121169978
"union",3,0.00334027458209054,12,0.0010337419126379,1.42656786302348,0.00334027458209054,-2.67321540076429
"vegas",1,0.00903142235881723,22,0.00132999547921672,2.13799421174251,0.00903142235881723,-1.97358865193123
"vegas",2,0.00127297913014105,22,0.00132999547921672,0.301350319338514,0.00127297913014105,-3.93293859656754
"vegas",3,0.00208606222944649,22,0.00132999547921672,0.493830184736853,0.00208606222944649,-3.43902033369212
"visit",1,0.0067301626595567,12,0.00246860341901552,2.93678037556677,0.0067301626595567,-1.96192104768249
"visit",2,6.52022810795642e-08,12,0.00246860341901552,2.84517312883587e-05,6.52022810795642e-08,-13.5065364641327
"visit",3,3.48844061200302e-16,12,0.00246860341901552,1.52221936510156e-13,3.48844061200302e-16,-32.5526717489772
"voice",1,0.00238374830829438,8,0.000524528958302072,1.54773812645134,0.00238374830829438,-2.80114325941731
"voice",2,2.55716662469893e-13,8,0.000524528958302072,1.66033648223848e-10,2.55716662469893e-13,-25.7567684992843
"voice",3,0.00191391849154829,8,0.000524528958302072,1.24268347039083,0.00191391849154829,-3.02066472094105
"wait",1,0.00763125739176546,17,0.00177136499918722,2.33813092493125,0.00763125739176546,-2.01307539565918
"wait",2,0.00228499372133035,17,0.00177136499918722,0.700096223838709,0.00228499372133035,-3.21896474658776
"wait",3,7.38378540125418e-05,17,0.00177136499918722,0.0226230830693214,7.38378540125418e-05,-6.65121177503209
"water",1,1.37006866745176e-05,8,0.00146686253134315,0.00881593554847174,1.37006866745176e-05,-7.96462947075103
"water",2,3.87588021244305e-11,8,0.00146686253134315,2.49399982338461e-08,3.87588021244305e-11,-20.7402281009183
"water",3,0.00407081119138527,8,0.00146686253134315,2.61943141579899,0.00407081119138527,-2.27047785605686
"way",1,0.00260453726865121,52,0.00241767099059032,0.25705216655862,0.00260453726865121,-3.65448824175885
"way",2,0.0170943998860119,52,0.00241767099059032,1.68711447503853,0.0170943998860119,-1.77299235136475
"way",3,0.0117657212738824,52,0.00241767099059032,1.16120593895073,0.0117657212738824,-2.14655294214257
"week",1,0.00374864906859693,13,0.000839962882688895,1.49737669740572,0.00374864906859693,-2.59132252181135
"week",2,1.71095133001796e-09,13,0.000839962882688895,6.83429845014303e-07,1.71095133001796e-09,-17.1911790573164
"week",3,0.00322382134141937,13,0.000839962882688895,1.2877372261062,0.00322382134141937,-2.74215064059808
"window",1,0.00616903955185911,11,0.00226202881192489,2.93664683930758,0.00616903955185911,-2.00547185889178
"window",2,1.04276160839681e-10,11,0.00226202881192489,4.96385629514557e-08,1.04276160839681e-10,-19.90123808493
"window",3,2.94675223758733e-07,11,0.00226202881192489,0.000140274196201668,2.94675223758733e-07,-11.954651764999
"windows",1,0.00335869316756408,6,0.00121578705183065,2.93105458081478,0.00335869316756408,-2.31042051771195
"windows",2,8.04373274333473e-06,6,0.00121578705183065,0.00701958128592621,8.04373274333473e-06,-8.3448345097789
"windows",3,5.52767970473106e-26,6,0.00121578705183065,4.82387944105635e-23,5.52767970473106e-26,-54.7716614724157
"wire",1,0.00392595854732372,7,0.00144017823954481,2.93680367777761,0.00392595854732372,-2.23141146808872
"wire",2,7.83508824311381e-29,7,0.00144017823954481,5.86101857437453e-26,7.83508824311381e-29,-61.4076222848045
"wire",3,1.81706285192218e-24,7,0.00144017823954481,1.35924941691396e-21,1.81706285192218e-24,-51.3560875784037
"woman",1,0.00228703229285813,6,0.000496965567989109,1.98496239035308,0.00228703229285813,-2.69745013841205
"woman",2,6.03545061520475e-07,6,0.000496965567989109,0.000523829178863193,6.03545061520475e-07,-10.9373950267732
"woman",3,0.000980678246080402,6,0.000496965567989109,0.851150830526456,0.000980678246080402,-3.54421603239855
"work",1,0.00723910409824104,20,0.00152665707936183,1.88377111206406,0.00723910409824104,-2.14749107260823
"work",2,1.03731109146539e-05,20,0.00152665707936183,0.00269930732008806,1.03731109146539e-05,-8.69552683797147
"work",3,0.00361263053085206,20,0.00152665707936183,0.940084427606634,0.00361263053085206,-2.84255234211854
"world",1,8.03495529600936e-23,7,0.00131360648833662,5.9085236381045e-20,8.03495529600936e-23,-47.5754807852221
"world",2,1.45366571991018e-19,7,0.00131360648833662,1.06895657182528e-16,1.45366571991018e-19,-40.0748533998583
"world",3,0.00357286974448832,7,0.00131360648833662,2.6273183313991,0.00357286974448832,-2.33421123798344
"year",1,7.30144049529039e-06,17,0.0031680024297953,0.00221084769744932,7.30144049529039e-06,-8.97090908232305
"year",2,6.65564635558324e-14,17,0.0031680024297953,2.01530375133091e-11,6.65564635558324e-14,-27.4841959126509
"year",3,0.00867032460833818,17,0.0031680024297953,2.62534046656232,0.00867032460833818,-1.89131922965092
"years",1,0.000814983736132073,42,0.00596353578620619,0.0999304046706258,0.000814983736132073,-4.7078118445822
"years",2,0.000356567322842692,42,0.00596353578620619,0.0437210158733984,0.000356567322842692,-5.53445693605367
"years",3,0.0204367731226258,42,0.00596353578620619,2.50588437261135,0.0204367731226258,-1.48588884081605
